original_article,duplicate_article,link1_length,link2_length,link3_length,link4_length,is circular reporting?
postimees.ee/8150487,postimees.ee/7025155,2,3,,,FALSE
postimees.ee/8144942,err.ee/1608870314,2,3,,,FALSE
postimees.ee/8102016,err.ee/1609363463,2,3,,,FALSE
postimees.ee/8082327,delfi.ee/artikkel/120314137,2,3,,,FALSE
postimees.ee/8067454,postimees.ee/8066186,3,2,,,TRUE
postimees.ee/8045276,postimees.ee/6798656,3,2,,,TRUE
postimees.ee/8037368,postimees.ee/8032079,2,3,,,FALSE
postimees.ee/7992895,postimees.ee/7722123,2,3,3,,FALSE
postimees.ee/7992895,postimees.ee/7727575,2,3,,,FALSE
postimees.ee/7989447,postimees.ee/7974860,3,2,,,FALSE
postimees.ee/7987517,postimees.ee/7974894,2,3,,,FALSE
postimees.ee/7987517,postimees.ee/7974860,2,3,3,,FALSE
postimees.ee/7974390,postimees.ee/7970464,2,3,,,FALSE
postimees.ee/7970219,err.ee/1609265352,2,2,,,FALSE
postimees.ee/7970219,err.ee/1609263831,3,3,,,FALSE
postimees.ee/7965736,postimees.ee/7958602,2,3,3,,FALSE
postimees.ee/7965113,postimees.ee/4424661,3,2,,,TRUE
postimees.ee/7956120,postimees.ee/7395172,2,2,,,FALSE
postimees.ee/7953398,delfi.ee/artikkel/120264368,2,2,,,TRUE
postimees.ee/7929969,err.ee/1609185430,2,2,,,FALSE
postimees.ee/7916474,err.ee/1609122617,3,2,,,FALSE
postimees.ee/7900691,postimees.ee/7894448,3,2,,,FALSE
postimees.ee/7898362,postimees.ee/7894448,2,3,,,FALSE
postimees.ee/7895264,postimees.ee/7818617,2,3,,,FALSE
postimees.ee/7877689,postimees.ee/7874839,2,2,,,FALSE
postimees.ee/7863797,err.ee/1609106240,2,3,,,FALSE
postimees.ee/7854882,postimees.ee/7856204,2,3,,,FALSE
postimees.ee/7854426,postimees.ee/7080365,3,2,,,FALSE
postimees.ee/7824026,postimees.ee/7194127,2,3,,,TRUE
postimees.ee/7816868,err.ee/1609022255,3,2,,,FALSE
postimees.ee/7784072,postimees.ee/7757837,2,3,,,FALSE
postimees.ee/7765646,postimees.ee/7765184,2,3,,,FALSE
postimees.ee/7749590,postimees.ee/7748156,2,3,,,FALSE
postimees.ee/7733641,postimees.ee/7730337,3,3,,,FALSE
postimees.ee/7732367,postimees.ee/7722123,2,3,,,FALSE
postimees.ee/7722931,postimees.ee/7705105,2,3,,,FALSE
postimees.ee/7720502,postimees.ee/7712827,3,2,,,TRUE
postimees.ee/7718331,delfi.ee/artikkel/120142338,2,3,,,FALSE
postimees.ee/7706197,postimees.ee/7700284,3,2,,,FALSE
postimees.ee/7703748,postimees.ee/7700284,2,3,,,FALSE
postimees.ee/7701982,postimees.ee/7699718,2,2,3,,FALSE
postimees.ee/7690129,postimees.ee/7688278,2,3,,,FALSE
postimees.ee/7671940,postimees.ee/7651048,2,3,,,FALSE
postimees.ee/7666981,postimees.ee/7663017,2,3,,,FALSE
postimees.ee/7667083,postimees.ee/7665190,2,2,,,TRUE
postimees.ee/7661369,postimees.ee/7660402,2,2,,,FALSE
postimees.ee/7658487,err.ee/1608796645,2,3,3,,FALSE
postimees.ee/8172820,postimees.ee/7984780,3,2,,,FALSE
postimees.ee/8159258,delfi.ee/artikkel/120344052,3,2,3,,FALSE
postimees.ee/8156475,postimees.ee/8153335,3,2,,,FALSE
postimees.ee/8148274,postimees.ee/8130998,3,2,3,,FALSE
postimees.ee/8148274,postimees.ee/8132395,3,2,,,FALSE
postimees.ee/8137421,postimees.ee/7170771,3,2,,,FALSE
postimees.ee/8134015,postimees.ee/8130998,2,3,,,FALSE
postimees.ee/8104559,postimees.ee/7641225,2,3,,,FALSE
postimees.ee/8104559,postimees.ee/7695993,2,3,,,FALSE
postimees.ee/8102883,postimees.ee/8102443,3,2,,,FALSE
postimees.ee/8083132,postimees.ee/7984780,2,3,,,FALSE
postimees.ee/8082752,postimees.ee/8031674,2,3,,,FALSE
postimees.ee/8066609,postimees.ee/8035824,3,2,,,FALSE
postimees.ee/8052712,err.ee/1609385858,3,2,,,FALSE
postimees.ee/8022973,err.ee/1609344030,2,3,,,FALSE
postimees.ee/7989867,postimees.ee/7879233,3,2,,,FALSE
postimees.ee/7714650,postimees.ee/7712811,2,3,,,FALSE
postimees.ee/7714650,postimees.ee/7713680,3,2,,,FALSE
postimees.ee/7212476,postimees.ee/7165015,2,2,,,FALSE
postimees.ee/7207611,postimees.ee/7204921,2,3,,,FALSE
postimees.ee/7132350,postimees.ee/7130644,3,2,,,FALSE
postimees.ee/7095563,postimees.ee/7092017,3,2,,,FALSE
postimees.ee/6929607,postimees.ee/6923049,2,3,,,FALSE
postimees.ee/8147743,postimees.ee/8145282,2,3,,,FALSE
postimees.ee/8147743,postimees.ee/8146258,2,3,,,FALSE
postimees.ee/8138382,postimees.ee/7618351,3,2,3,3,FALSE
postimees.ee/8138382,postimees.ee/7634567,3,3,,,FALSE
postimees.ee/8114562,postimees.ee/7618351,2,3,,,FALSE
postimees.ee/8086454,err.ee/1609435048,2,3,,,FALSE
postimees.ee/8073104,postimees.ee/8069480,2,3,,,FALSE
postimees.ee/7962890,postimees.ee/7618351,2,3,,,FALSE
postimees.ee/7954917,err.ee/1609203184,3,2,,,TRUE
postimees.ee/7924756,postimees.ee/7922833,3,2,,,TRUE
postimees.ee/7883252,postimees.ee/7880037,3,3,,,FALSE
postimees.ee/7883252,postimees.ee/7880832,3,2,,,FALSE
postimees.ee/7878326,postimees.ee/7878296,2,3,,,FALSE
postimees.ee/7874759,postimees.ee/7868540,2,3,,,FALSE
postimees.ee/7865769,postimees.ee/7861665,2,3,,,FALSE
postimees.ee/7828068,postimees.ee/7739439,3,2,,,FALSE
postimees.ee/7827847,postimees.ee/7823023,2,3,,,FALSE
postimees.ee/7770812,postimees.ee/7494448,3,2,,,FALSE
postimees.ee/7599890,postimees.ee/7501278,2,3,,,FALSE
postimees.ee/7629681,postimees.ee/7247726,3,2,,,FALSE
postimees.ee/8146859,postimees.ee/8140187,2,3,,,FALSE
postimees.ee/8146859,postimees.ee/8108646,3,2,,,FALSE
postimees.ee/8140187,postimees.ee/7680040,2,3,,,FALSE
postimees.ee/8055774,postimees.ee/7811242,3,2,,,FALSE
postimees.ee/7998117,postimees.ee/7992313,3,2,,,FALSE
postimees.ee/8166909,postimees.ee/8164446,2,3,,,FALSE
postimees.ee/8165246,postimees.ee/7911857,2,3,3,,FALSE
postimees.ee/8165246,postimees.ee/7912719,3,2,,,FALSE
postimees.ee/8163273,postimees.ee/8161972,2,3,,,FALSE
postimees.ee/8161656,err.ee/1609539742,3,2,,,FALSE
postimees.ee/8121923,postimees.ee/8079775,2,3,,,FALSE
postimees.ee/8121768,err.ee/1609500904,2,2,,,TRUE
postimees.ee/8121768,err.ee/1609462627,3,3,,,FALSE
postimees.ee/8114897,postimees.ee/7952124,2,3,,,FALSE
postimees.ee/8106489,postimees.ee/8086021,2,3,,,FALSE
postimees.ee/8101213,postimees.ee/8083936,2,3,,,FALSE
postimees.ee/8094218,delfi.ee/artikkel/120318458,3,2,,,FALSE
postimees.ee/8089106,err.ee/1609439693,2,3,,,FALSE
postimees.ee/8085387,postimees.ee/8080056,2,3,,,FALSE
postimees.ee/8068080,postimees.ee/8066437,2,3,,,FALSE
postimees.ee/8067401,err.ee/1609408840,2,3,,,FALSE
postimees.ee/8057805,err.ee/1609394389,3,2,,,FALSE
postimees.ee/8020426,postimees.ee/7965709,2,3,,,FALSE
postimees.ee/8020426,postimees.ee/8014645,2,3,,,FALSE
postimees.ee/8020350,postimees.ee/7660908,2,3,,,FALSE
postimees.ee/8016130,postimees.ee/7946773,2,3,,,FALSE
postimees.ee/8016130,postimees.ee/7953218,2,3,,,FALSE
postimees.ee/8016130,postimees.ee/7883709,2,3,,,FALSE
postimees.ee/8006767,err.ee/1609320429,2,3,,,FALSE
postimees.ee/7992794,postimees.ee/7974754,2,3,,,FALSE
postimees.ee/7978622,postimees.ee/7889269,2,3,,,FALSE
postimees.ee/7976943,postimees.ee/7970066,2,3,,,FALSE
postimees.ee/7976943,postimees.ee/7946395,3,3,,,FALSE
postimees.ee/7976943,postimees.ee/7965709,3,2,,,FALSE
postimees.ee/7974027,err.ee/1609272801,2,3,,,FALSE
postimees.ee/7970066,postimees.ee/7946395,3,2,3,,FALSE
postimees.ee/7970066,postimees.ee/7965709,3,2,,,FALSE
postimees.ee/7967733,postimees.ee/7946395,2,3,,,FALSE
postimees.ee/7967733,postimees.ee/7952124,2,3,,,FALSE
postimees.ee/7965440,postimees.ee/7964906,3,2,,,FALSE
postimees.ee/7957731,postimees.ee/7715228,2,3,,,FALSE
postimees.ee/7950339,postimees.ee/7197444,2,3,,,FALSE
postimees.ee/7927491,postimees.ee/4513933,2,3,,,FALSE
postimees.ee/7924218,err.ee/1609199110,3,3,,,TRUE
postimees.ee/7866581,postimees.ee/7018176,3,2,,,FALSE
postimees.ee/7720808,postimees.ee/7719754,3,2,,,FALSE
postimees.ee/7713116,postimees.ee/7465094,3,2,,,FALSE
postimees.ee/7661567,postimees.ee/7659128,2,2,,,FALSE
postimees.ee/7631626,postimees.ee/7514757,2,3,,,FALSE
postimees.ee/7621685,postimees.ee/7615529,3,2,,,FALSE
postimees.ee/7615219,postimees.ee/7610918,2,3,,,FALSE
postimees.ee/7611269,postimees.ee/7610918,2,3,,,FALSE
postimees.ee/7602076,postimees.ee/7514757,3,2,,,FALSE
postimees.ee/7557351,postimees.ee/7545021,2,3,,,FALSE
postimees.ee/7550827,postimees.ee/7511105,3,2,,,FALSE
postimees.ee/7539075,postimees.ee/7525632,3,2,,,FALSE
postimees.ee/7521683,postimees.ee/7511105,3,3,,,FALSE
postimees.ee/7521683,postimees.ee/7512804,3,3,,,FALSE
postimees.ee/7518976,postimees.ee/7511105,2,3,,,FALSE
postimees.ee/7516407,postimees.ee/7507085,3,2,,,FALSE
postimees.ee/7505197,postimees.ee/7496707,2,3,,,FALSE
postimees.ee/7497004,postimees.ee/7492116,2,3,,,FALSE
postimees.ee/8131057,postimees.ee/7916646,2,3,,,FALSE
postimees.ee/8118853,postimees.ee/8118576,3,3,,,FALSE
postimees.ee/8117705,err.ee/1609469617,2,3,,,FALSE
postimees.ee/8114253,postimees.ee/8105980,3,2,,,FALSE
postimees.ee/8112254,postimees.ee/8110033,3,2,,,FALSE
postimees.ee/8108283,postimees.ee/7225370,2,3,,,FALSE
postimees.ee/8105114,postimees.ee/8105111,3,2,,,FALSE
postimees.ee/8104155,postimees.ee/8099978,3,3,,,FALSE
postimees.ee/8102334,postimees.ee/7888836,2,3,,,FALSE
postimees.ee/8098116,postimees.ee/8090012,3,2,,,FALSE
postimees.ee/8093342,postimees.ee/8090845,2,3,,,FALSE
postimees.ee/8072522,postimees.ee/8065840,3,2,,,FALSE
postimees.ee/8067541,postimees.ee/8065128,2,3,,,FALSE
postimees.ee/8038026,postimees.ee/8036996,2,3,,,FALSE
postimees.ee/8038026,postimees.ee/6981919,3,2,,,FALSE
postimees.ee/8034759,postimees.ee/8033694,3,2,,,FALSE
postimees.ee/8029255,postimees.ee/7520288,2,3,,,FALSE
postimees.ee/8023062,postimees.ee/7454689,3,2,,,FALSE
postimees.ee/8008650,postimees.ee/8008441,2,3,,,FALSE
postimees.ee/7996459,postimees.ee/7996355,2,3,,,FALSE
postimees.ee/7972119,postimees.ee/7971623,2,3,,,FALSE
postimees.ee/7971683,postimees.ee/7971623,2,3,,,FALSE
postimees.ee/7965631,postimees.ee/7964327,2,3,,,FALSE
postimees.ee/7964840,postimees.ee/7964327,3,3,,,FALSE
postimees.ee/7964352,err.ee/1609259115,3,2,,,TRUE
postimees.ee/7964185,postimees.ee/7963592,2,3,,,FALSE
postimees.ee/7954284,postimees.ee/7952836,2,3,,,FALSE
postimees.ee/7952657,postimees.ee/7019433,3,2,,,FALSE
postimees.ee/7944208,postimees.ee/7158645,2,3,,,TRUE
postimees.ee/7943281,postimees.ee/7942198,3,2,,,FALSE
postimees.ee/8130548,postimees.ee/8116049,3,2,,,FALSE
postimees.ee/8116459,postimees.ee/7741983,2,3,,,FALSE
postimees.ee/8085014,postimees.ee/7943512,2,3,,,FALSE
postimees.ee/8048004,postimees.ee/7544462,3,2,,,FALSE
postimees.ee/8037377,postimees.ee/7860154,2,3,,,FALSE
postimees.ee/7675110,postimees.ee/7609523,2,3,,,FALSE
postimees.ee/7619469,postimees.ee/7547671,2,3,,,FALSE
postimees.ee/6557267,postimees.ee/6545918,3,2,,,FALSE
postimees.ee/6557267,postimees.ee/6502634,2,3,,,FALSE
postimees.ee/6515331,postimees.ee/6498810,2,3,,,FALSE
postimees.ee/3895859,postimees.ee/6504277,2,2,,,FALSE
postimees.ee/6504310,postimees.ee/6464862,3,2,,,FALSE
postimees.ee/6495242,postimees.ee/6463947,3,2,,,FALSE
postimees.ee/6495242,postimees.ee/6465675,3,2,,,FALSE
postimees.ee/6443104,postimees.ee/4434733,2,3,,,FALSE
postimees.ee/6419993,err.ee/866111,2,2,,,TRUE
postimees.ee/4212243,err.ee/613047,2,2,,,FALSE
postimees.ee/4197969,postimees.ee/4187837,2,3,,,FALSE
delfi.ee/artikkel/120346524,err.ee/1609562332,2,3,,,FALSE
delfi.ee/artikkel/120344064,delfi.ee/artikkel/120343464,2,3,,,FALSE
delfi.ee/artikkel/120333533,delfi.ee/artikkel/120333439,2,2,,,TRUE
delfi.ee/artikkel/120333533,delfi.ee/artikkel/120333387,3,2,2,3,TRUE
delfi.ee/artikkel/120316589,delfi.ee/artikkel/120316220,2,3,,,FALSE
delfi.ee/artikkel/120316589,delfi.ee/artikkel/120316293,3,2,,,FALSE
delfi.ee/artikkel/120313421,delfi.ee/artikkel/120279895,3,2,,,FALSE
delfi.ee/artikkel/120312315,delfi.ee/artikkel/120310955,2,3,,,FALSE
delfi.ee/artikkel/120305592,postimees.ee/8048017,3,3,,,FALSE
delfi.ee/artikkel/120305592,postimees.ee/8050892,3,2,,,FALSE
delfi.ee/artikkel/120283165,delfi.ee/artikkel/120282292,2,3,,,FALSE
delfi.ee/artikkel/120263877,delfi.ee/artikkel/120263615,2,3,3,,FALSE
delfi.ee/artikkel/120263877,delfi.ee/artikkel/120263739,2,3,,,FALSE
delfi.ee/artikkel/120263852,delfi.ee/artikkel/120263615,2,3,,,FALSE
delfi.ee/artikkel/120257855,err.ee/1609203184,2,3,,,FALSE
delfi.ee/artikkel/120257855,delfi.ee/artikkel/120257531,2,3,,,FALSE
delfi.ee/artikkel/120244640,delfi.ee/artikkel/120214092,2,3,,,FALSE
delfi.ee/artikkel/120242662,err.ee/1609143308,2,3,,,FALSE
delfi.ee/artikkel/120235824,delfi.ee/artikkel/120232526,2,3,,,FALSE
delfi.ee/artikkel/120211926,delfi.ee/artikkel/120210196,3,2,,,FALSE
delfi.ee/artikkel/120143874,delfi.ee/artikkel/92635193,3,2,,,FALSE
delfi.ee/artikkel/120128016,err.ee/1608842536,3,2,,,FALSE
delfi.ee/artikkel/120128016,postimees.ee/7683390,3,2,,,FALSE
delfi.ee/artikkel/120125552,err.ee/1608824770,2,3,3,,FALSE
delfi.ee/artikkel/120083144,delfi.ee/artikkel/120079168,2,3,,,FALSE
delfi.ee/artikkel/120070418,delfi.ee/artikkel/120069550,2,3,,,FALSE
delfi.ee/artikkel/120056876,delfi.ee/artikkel/120053798,3,2,,,FALSE
delfi.ee/artikkel/120036922,delfi.ee/artikkel/120030044,2,3,,,FALSE
delfi.ee/artikkel/120019770,delfi.ee/artikkel/120008955,2,3,,,FALSE
delfi.ee/artikkel/96557167,err.ee/1608111016,2,3,,,FALSE
delfi.ee/artikkel/96118515,delfi.ee/artikkel/96106315,2,3,,,FALSE
delfi.ee/artikkel/95074533,err.ee/1608389297,2,3,,,FALSE
delfi.ee/artikkel/94953451,delfi.ee/artikkel/94890911,3,2,,,FALSE
delfi.ee/artikkel/94758647,delfi.ee/artikkel/94689501,2,3,,,FALSE
delfi.ee/artikkel/94741187,delfi.ee/artikkel/94689501,2,3,3,,FALSE
delfi.ee/artikkel/120348467,delfi.ee/artikkel/120313368,3,2,,,FALSE
delfi.ee/artikkel/120342473,delfi.ee/artikkel/120332538,3,2,3,,FALSE
delfi.ee/artikkel/120342473,delfi.ee/artikkel/120332844,3,2,,,FALSE
delfi.ee/artikkel/120342504,delfi.ee/artikkel/120220026,2,3,,,FALSE
delfi.ee/artikkel/120342084,delfi.ee/artikkel/120332538,2,3,,,FALSE
delfi.ee/artikkel/120339994,delfi.ee/artikkel/120231207,3,2,,,FALSE
delfi.ee/artikkel/120337760,delfi.ee/artikkel/120337618,3,2,,,FALSE
delfi.ee/artikkel/120334175,delfi.ee/artikkel/120033110,3,2,,,FALSE
delfi.ee/artikkel/120331269,delfi.ee/artikkel/120320897,3,2,,,FALSE
delfi.ee/artikkel/120331123,delfi.ee/artikkel/120302009,2,3,,,FALSE
delfi.ee/artikkel/120330647,delfi.ee/artikkel/120328494,2,3,,,FALSE
delfi.ee/artikkel/120330647,delfi.ee/artikkel/120320494,3,2,,,FALSE
delfi.ee/artikkel/120330647,delfi.ee/artikkel/120303034,3,2,3,,FALSE
delfi.ee/artikkel/120328494,delfi.ee/artikkel/120320494,3,2,,,FALSE
delfi.ee/artikkel/120324140,err.ee/1609441550,3,2,,,FALSE
delfi.ee/artikkel/120322941,delfi.ee/artikkel/120318351,2,3,,,FALSE
delfi.ee/artikkel/120322560,delfi.ee/artikkel/120320231,2,3,,,FALSE
delfi.ee/artikkel/120316283,delfi.ee/artikkel/120316220,2,3,,,FALSE
delfi.ee/artikkel/120316283,delfi.ee/artikkel/120316293,3,2,,,FALSE
delfi.ee/artikkel/120316283,delfi.ee/artikkel/120283298,3,3,,,FALSE
delfi.ee/artikkel/120316283,delfi.ee/artikkel/120294804,3,2,,,FALSE
delfi.ee/artikkel/120316220,delfi.ee/artikkel/120283298,2,3,,,FALSE
delfi.ee/artikkel/120312992,delfi.ee/artikkel/120233574,3,2,,,FALSE
delfi.ee/artikkel/120302692,postimees.ee/8046358,2,3,,,FALSE
delfi.ee/artikkel/120296700,delfi.ee/artikkel/120296308,2,3,,,FALSE
delfi.ee/artikkel/120293878,err.ee/1609344030,2,3,,,FALSE
delfi.ee/artikkel/120293712,delfi.ee/artikkel/120219473,3,2,,,FALSE
delfi.ee/artikkel/120289806,delfi.ee/artikkel/120285655,3,2,,,FALSE
delfi.ee/artikkel/120281249,err.ee/1609272471,2,3,,,FALSE
delfi.ee/artikkel/120279371,delfi.ee/artikkel/120278615,2,3,,,FALSE
delfi.ee/artikkel/120276934,delfi.ee/artikkel/120276064,2,3,,,FALSE
delfi.ee/artikkel/120276824,delfi.ee/artikkel/95505417,3,3,2,,FALSE
delfi.ee/artikkel/120275134,postimees.ee/7969758,3,2,,,FALSE
delfi.ee/artikkel/120256837,err.ee/1609199110,3,3,3,,FALSE
delfi.ee/artikkel/120256837,delfi.ee/artikkel/120256551,3,2,3,,FALSE
delfi.ee/artikkel/120256837,delfi.ee/artikkel/120256600,3,2,,,FALSE
delfi.ee/artikkel/120256652,err.ee/1609199110,2,3,3,,FALSE
delfi.ee/artikkel/120256652,delfi.ee/artikkel/120256551,2,3,,,FALSE
delfi.ee/artikkel/120256600,err.ee/1609199110,2,3,,,FALSE
delfi.ee/artikkel/120256284,delfi.ee/artikkel/120253960,2,3,,,FALSE
delfi.ee/artikkel/120253509,err.ee/1609158322,3,2,,,FALSE
delfi.ee/artikkel/120253509,err.ee/1608914054,3,3,2,,FALSE
delfi.ee/artikkel/120253347,delfi.ee/artikkel/120253218,2,3,,,FALSE
delfi.ee/artikkel/120240138,delfi.ee/artikkel/120239190,2,3,,,FALSE
delfi.ee/artikkel/120237080,err.ee/1609120679,3,2,,,FALSE
delfi.ee/artikkel/120235920,delfi.ee/artikkel/120234678,2,3,2,,FALSE
delfi.ee/artikkel/120231382,err.ee/1609097618,2,3,,,FALSE
delfi.ee/artikkel/120231382,delfi.ee/artikkel/120231208,3,2,,,FALSE
delfi.ee/artikkel/120230912,err.ee/1609090223,2,3,,,FALSE
delfi.ee/artikkel/120226368,err.ee/1609002911,3,2,,,FALSE
delfi.ee/artikkel/120225477,delfi.ee/artikkel/93178753,2,3,,,FALSE
delfi.ee/artikkel/120223408,err.ee/1609059011,3,2,,,FALSE
delfi.ee/artikkel/120222291,delfi.ee/artikkel/120221873,2,3,,,FALSE
delfi.ee/artikkel/120218665,err.ee/1609040909,3,2,,,FALSE
delfi.ee/artikkel/120217166,delfi.ee/artikkel/120212130,2,3,,,FALSE
delfi.ee/artikkel/120212400,err.ee/1609024367,2,3,,,FALSE
delfi.ee/artikkel/120199808,err.ee/1608996436,2,3,,,FALSE
delfi.ee/artikkel/120199056,err.ee/1608996436,3,2,3,,FALSE
delfi.ee/artikkel/120199056,err.ee/1608998998,3,2,,,FALSE
delfi.ee/artikkel/120188952,delfi.ee/artikkel/120173332,3,2,,,FALSE
delfi.ee/artikkel/120183676,delfi.ee/artikkel/120183470,3,2,,,FALSE
delfi.ee/artikkel/120181178,delfi.ee/artikkel/120033110,2,3,,,FALSE
delfi.ee/artikkel/120180152,err.ee/1608962620,3,2,,,TRUE
delfi.ee/artikkel/120179722,delfi.ee/artikkel/120177876,2,3,,,FALSE
delfi.ee/artikkel/120179722,err.ee/1608957268,3,2,,,FALSE
delfi.ee/artikkel/120179722,delfi.ee/artikkel/120173332,3,2,,,FALSE
delfi.ee/artikkel/120176616,delfi.ee/artikkel/120174760,3,2,,,FALSE
delfi.ee/artikkel/120175832,delfi.ee/artikkel/120173332,2,3,,,FALSE
delfi.ee/artikkel/120171652,delfi.ee/artikkel/120171610,2,2,,,FALSE
delfi.ee/artikkel/120158786,delfi.ee/artikkel/120146238,2,3,,,FALSE
delfi.ee/artikkel/120157592,delfi.ee/artikkel/120146238,2,3,,,FALSE
delfi.ee/artikkel/120132226,delfi.ee/artikkel/120127632,2,3,,,FALSE
delfi.ee/artikkel/120109436,delfi.ee/artikkel/120098416,3,2,,,FALSE
delfi.ee/artikkel/120083314,delfi.ee/artikkel/120074372,2,3,,,FALSE
delfi.ee/artikkel/120057004,err.ee/1608691693,3,2,,,FALSE
delfi.ee/artikkel/120050240,postimees.ee/7573693,3,2,,,FALSE
delfi.ee/artikkel/120041716,err.ee/959722,3,2,,,FALSE
delfi.ee/artikkel/120041716,err.ee/946108,3,2,,,FALSE
delfi.ee/artikkel/120237793,delfi.ee/artikkel/120235225,2,3,,,FALSE
delfi.ee/artikkel/120237793,delfi.ee/artikkel/120237116,2,3,,,FALSE
delfi.ee/artikkel/120237370,delfi.ee/artikkel/120235225,2,3,,,FALSE
delfi.ee/artikkel/120237370,delfi.ee/artikkel/120236937,2,3,,,FALSE
delfi.ee/artikkel/96243465,delfi.ee/artikkel/94957201,3,2,,,FALSE
delfi.ee/artikkel/92854711,delfi.ee/artikkel/92828523,3,2,,,FALSE
delfi.ee/artikkel/120329689,delfi.ee/artikkel/120002674,3,2,,,FALSE
delfi.ee/artikkel/120322082,delfi.ee/artikkel/120174760,3,2,,,FALSE
delfi.ee/artikkel/120299796,delfi.ee/artikkel/120298213,2,3,,,FALSE
delfi.ee/artikkel/120298038,delfi.ee/artikkel/120098678,3,2,,,FALSE
delfi.ee/artikkel/120327005,delfi.ee/artikkel/120280988,3,2,,,FALSE
delfi.ee/artikkel/120292908,delfi.ee/artikkel/120292309,3,2,,,FALSE
delfi.ee/artikkel/120216130,delfi.ee/artikkel/120215112,3,2,,,FALSE
delfi.ee/artikkel/120177012,delfi.ee/artikkel/120176868,2,3,,,FALSE
delfi.ee/artikkel/120271584,delfi.ee/artikkel/120270542,2,3,,,FALSE
delfi.ee/artikkel/120270803,delfi.ee/artikkel/120270542,2,3,,,FALSE
delfi.ee/artikkel/120234228,delfi.ee/artikkel/120233930,2,3,,,FALSE
delfi.ee/artikkel/120214708,delfi.ee/artikkel/120213104,3,3,,,FALSE
delfi.ee/artikkel/120191048,delfi.ee/artikkel/120190862,2,3,,,FALSE
delfi.ee/artikkel/120073306,delfi.ee/artikkel/120069292,2,3,,,FALSE
delfi.ee/artikkel/120049914,delfi.ee/artikkel/120049262,3,2,,,FALSE
delfi.ee/artikkel/96605513,delfi.ee/artikkel/91411201,2,3,,,FALSE
delfi.ee/artikkel/94737081,delfi.ee/artikkel/94647715,2,3,3,,FALSE
delfi.ee/artikkel/94647715,delfi.ee/artikkel/93776527,2,3,,,FALSE
delfi.ee/artikkel/94443459,delfi.ee/artikkel/92416481,2,3,,,FALSE
delfi.ee/artikkel/93983973,delfi.ee/artikkel/93634191,3,2,,,FALSE
delfi.ee/artikkel/93224603,delfi.ee/artikkel/92480237,2,3,,,FALSE
delfi.ee/artikkel/86976979,err.ee/254510,3,2,,,FALSE
delfi.ee/artikkel/89672889,postimees.ee/6958562,3,2,,,FALSE
delfi.ee/artikkel/120248597,delfi.ee/artikkel/120214092,2,3,,,FALSE
delfi.ee/artikkel/120246757,delfi.ee/artikkel/120214092,2,3,,,FALSE
delfi.ee/artikkel/120216575,delfi.ee/artikkel/120215748,2,3,,,FALSE
delfi.ee/artikkel/120151128,err.ee/967802,2,3,,,FALSE
postimees.ee/7900691,postimees.ee/7900691,1,3,,,FALSE
postimees.ee/7898362,postimees.ee/7898362,1,3,,,FALSE
postimees.ee/7715581,postimees.ee/7715581,1,3,,,FALSE
postimees.ee/8051055,postimees.ee/8051055,1,3,,,FALSE
postimees.ee/8051049,postimees.ee/8051049,1,3,,,FALSE
postimees.ee/8040113,postimees.ee/8040113,1,2,,,TRUE
postimees.ee/8007845,postimees.ee/8007845,1,3,3,,FALSE
postimees.ee/7489552,postimees.ee/7489552,1,3,3,,FALSE
postimees.ee/7158381,postimees.ee/7158381,1,3,,,FALSE
postimees.ee/7158294,postimees.ee/7158294,1,3,,,FALSE
postimees.ee/7954917,postimees.ee/7954917,1,3,,,FALSE
postimees.ee/7954921,postimees.ee/7954921,1,3,,,FALSE
postimees.ee/7868540,postimees.ee/7868540,1,2,,,TRUE
postimees.ee/7659110,postimees.ee/7659110,1,2,,,TRUE
postimees.ee/8068080,postimees.ee/8068080,1,2,,,TRUE
postimees.ee/8086368,postimees.ee/8086368,1,3,,,FALSE
postimees.ee/8086284,postimees.ee/8086284,1,3,,,FALSE
postimees.ee/8020046,postimees.ee/8020046,1,3,,,FALSE
postimees.ee/8019985,postimees.ee/8019985,1,3,,,FALSE
postimees.ee/7995100,postimees.ee/7995100,1,3,,,FALSE
postimees.ee/7995088,postimees.ee/7995088,1,3,,,FALSE
postimees.ee/7971623,postimees.ee/7971623,1,2,,,TRUE
postimees.ee/7943576,postimees.ee/7943576,1,3,,,FALSE
postimees.ee/7947118,postimees.ee/7947118,1,3,,,FALSE
postimees.ee/7361676,postimees.ee/7361676,1,3,,,FALSE
postimees.ee/7361667,postimees.ee/7361667,1,3,,,FALSE
postimees.ee/6733908,postimees.ee/6733908,1,3,,,FALSE
postimees.ee/6733720,postimees.ee/6733720,1,3,,,FALSE
delfi.ee/artikkel/120341043,delfi.ee/artikkel/120341043,1,3,,,FALSE
delfi.ee/artikkel/120316220,delfi.ee/artikkel/120316220,1,3,,,FALSE
delfi.ee/artikkel/120231208,delfi.ee/artikkel/120231208,1,3,,,FALSE
delfi.ee/artikkel/120226037,delfi.ee/artikkel/120226037,1,3,,,FALSE
delfi.ee/artikkel/120237793,delfi.ee/artikkel/120237793,1,2,,,TRUE
delfi.ee/artikkel/120114464,delfi.ee/artikkel/120114464,1,3,,,FALSE
delfi.ee/artikkel/120113728,delfi.ee/artikkel/120113728,1,3,,,FALSE
delfi.ee/artikkel/120346532,delfi.ee/artikkel/120346532,1,3,,,FALSE
delfi.ee/artikkel/120351718,delfi.ee/artikkel/120351718,1,3,,,FALSE
delfi.ee/artikkel/120340499,delfi.ee/artikkel/120340499,1,2,,,TRUE
delfi.ee/artikkel/120340960,delfi.ee/artikkel/120340960,1,3,,,FALSE
delfi.ee/artikkel/120331281,delfi.ee/artikkel/120331281,1,3,,,FALSE
delfi.ee/artikkel/120330683,delfi.ee/artikkel/120330683,1,3,,,FALSE
delfi.ee/artikkel/120304747,delfi.ee/artikkel/120304747,1,2,,,TRUE
delfi.ee/artikkel/120226016,delfi.ee/artikkel/120226016,1,3,,,FALSE
delfi.ee/artikkel/120237515,delfi.ee/artikkel/120237515,1,2,,,TRUE
delfi.ee/artikkel/120137998,delfi.ee/artikkel/120137998,1,3,,,FALSE
delfi.ee/artikkel/120138012,delfi.ee/artikkel/120138012,1,3,,,FALSE
delfi.ee/artikkel/96193269,delfi.ee/artikkel/96193269,1,2,,,TRUE
delfi.ee/artikkel/94875367,delfi.ee/artikkel/94875367,1,3,,,FALSE
delfi.ee/artikkel/94875345,delfi.ee/artikkel/94875345,1,3,,,FALSE
delfi.ee/artikkel/92988139,delfi.ee/artikkel/92988139,1,3,,,FALSE
delfi.ee/artikkel/93101869,delfi.ee/artikkel/93101869,1,3,,,FALSE
err.ee/1609596626,err.ee/1609593899,3,2,,,FALSE
err.ee/1609592405,err.ee/1609587707,3,3,3,2,FALSE
err.ee/1609592405,err.ee/1609588661,3,2,,,FALSE
err.ee/1609590968,err.ee/1609531564,2,3,3,,FALSE
err.ee/1609590968,err.ee/1609544227,2,3,,,FALSE
err.ee/1609589759,err.ee/1609582990,2,3,,,FALSE
err.ee/1609589117,err.ee/1609587707,2,3,,,FALSE
err.ee/1609588508,err.ee/1609560319,3,2,,,FALSE
err.ee/1609588508,err.ee/1609442252,3,3,2,,FALSE
err.ee/1609587911,err.ee/1609502671,3,2,,,FALSE
err.ee/1609587911,err.ee/1609419304,3,3,2,,FALSE
err.ee/1609582495,err.ee/1609522726,2,3,,,FALSE
err.ee/1609586585,err.ee/1609582495,2,3,,,FALSE
err.ee/1609584277,err.ee/1609579303,3,2,,,FALSE
err.ee/1609584031,err.ee/1609502671,2,3,,,FALSE
err.ee/1609584031,err.ee/1609419304,3,3,2,,FALSE
err.ee/1609584031,err.ee/1609485100,3,3,,,FALSE
err.ee/1609583587,err.ee/1609582447,2,3,,,FALSE
err.ee/1609583389,err.ee/1609582447,2,3,,,FALSE
err.ee/1609583215,err.ee/1609577671,3,2,,,FALSE
err.ee/1609582675,err.ee/1609582447,2,3,,,FALSE
err.ee/1609579717,err.ee/1609579705,2,3,,,FALSE
err.ee/1609568356,err.ee/1609442252,3,2,,,FALSE
err.ee/1609567042,err.ee/971318,2,3,,,FALSE
err.ee/1609562887,err.ee/1609422517,2,3,,,FALSE
err.ee/1609563754,err.ee/1609558354,2,3,,,FALSE
err.ee/1609562755,err.ee/1609271655,3,2,,,FALSE
err.ee/1609563628,err.ee/1609561750,2,3,,,FALSE
err.ee/1609559968,err.ee/971318,2,3,,,FALSE
err.ee/1609559392,err.ee/1609466599,2,3,,,FALSE
err.ee/1609557265,err.ee/1609538194,3,2,,,FALSE
err.ee/1609553401,err.ee/1609543222,3,2,,,FALSE
err.ee/1609553065,err.ee/1609538194,3,2,,,FALSE
err.ee/1609552948,err.ee/1609549672,2,3,,,FALSE
err.ee/1609552291,err.ee/1609485289,2,3,,,FALSE
err.ee/1609552063,err.ee/1609549672,2,3,,,FALSE
err.ee/1609551337,err.ee/1609549672,2,3,,,FALSE
err.ee/1609546723,err.ee/1609502548,2,3,,,FALSE
err.ee/1609545346,err.ee/1609544236,2,3,,,FALSE
err.ee/1609544944,err.ee/1609537693,2,3,,,FALSE
err.ee/1609544944,err.ee/1609537489,3,3,,,FALSE
err.ee/1609543264,err.ee/1609468585,3,2,,,TRUE
err.ee/1609543396,err.ee/1609503514,2,3,,,FALSE
err.ee/1609541242,err.ee/1609387772,2,3,3,,FALSE
err.ee/1609541242,err.ee/1609426534,3,2,,,FALSE
err.ee/1609541242,err.ee/1012733,3,2,,,FALSE
err.ee/1609542073,err.ee/1609512421,2,3,3,,FALSE
err.ee/1609539007,err.ee/1609446164,3,2,,,FALSE
err.ee/1609539307,err.ee/1609537222,2,3,,,FALSE
err.ee/1609538944,err.ee/1609416238,3,2,,,FALSE
err.ee/1609538218,err.ee/1609537693,2,3,,,FALSE
err.ee/1609538218,err.ee/1609537489,3,2,,,FALSE
err.ee/1609538218,err.ee/1609536541,2,3,,,FALSE
err.ee/1609535236,err.ee/1609503514,2,3,,,FALSE
err.ee/1609535236,err.ee/1609505020,2,3,,,FALSE
err.ee/1609532839,err.ee/1609524538,3,2,,,FALSE
err.ee/1609522888,err.ee/1609521781,2,3,,,FALSE
err.ee/1609517683,err.ee/1609515019,2,3,,,FALSE
err.ee/1609512685,err.ee/1609511677,3,2,,,FALSE
err.ee/1609510435,err.ee/1609419304,2,3,,,FALSE
err.ee/1609510435,err.ee/1609485100,2,3,,,FALSE
err.ee/1609507459,err.ee/1609385675,2,3,,,FALSE
err.ee/1609506949,err.ee/1609506070,2,3,,,FALSE
err.ee/1609506586,err.ee/1609504018,2,3,,,FALSE
err.ee/1609500547,err.ee/1609500502,3,2,,,FALSE
err.ee/1609496557,err.ee/1609495948,3,2,,,FALSE
err.ee/1609491478,err.ee/1609387772,3,2,,,FALSE
err.ee/1609488004,delfi.ee/artikkel/120325085,2,3,,,TRUE
err.ee/1609486450,err.ee/1609037186,3,2,,,FALSE
err.ee/1609487401,err.ee/1609073951,3,2,,,FALSE
err.ee/1609486231,err.ee/1609441313,3,2,,,FALSE
err.ee/1609485352,err.ee/1609435315,2,3,,,FALSE
err.ee/1609483207,err.ee/1609483198,2,3,,,FALSE
err.ee/1609483207,err.ee/1609483090,3,2,,,FALSE
err.ee/1609475059,err.ee/1609181338,2,3,,,FALSE
err.ee/1609470403,err.ee/1609364366,2,3,,,FALSE
err.ee/1609468564,err.ee/1609441625,3,2,,,FALSE
err.ee/1609468246,err.ee/1609464826,3,2,,,FALSE
err.ee/1609466560,err.ee/1034364,3,2,,,FALSE
err.ee/1609466059,err.ee/1609460279,2,3,3,,FALSE
err.ee/1609466059,err.ee/1609463683,2,3,,,FALSE
err.ee/1609464520,err.ee/1609460279,2,3,,,FALSE
err.ee/1609462503,err.ee/1609419313,2,3,,,FALSE
err.ee/1609449563,err.ee/1609441544,3,3,3,,FALSE
err.ee/1609449416,err.ee/1609441544,3,2,,,FALSE
err.ee/1609449374,err.ee/1609429711,2,3,,,FALSE
err.ee/1609439678,err.ee/1609344030,3,3,,,FALSE
err.ee/1609438055,err.ee/1609427503,2,3,,,FALSE
err.ee/1609438793,err.ee/1609435354,2,3,,,FALSE
err.ee/1609437899,err.ee/1609344030,3,3,3,,FALSE
err.ee/1609437863,err.ee/1609048640,3,2,,,FALSE
err.ee/1609437158,err.ee/1609260918,2,3,,,FALSE
err.ee/1609437110,err.ee/1609434490,3,2,,,FALSE
err.ee/1609437008,err.ee/1609350273,3,2,,,FALSE
err.ee/1609436981,err.ee/1609111280,2,3,,,FALSE
err.ee/1609436282,err.ee/1608910550,2,3,3,,FALSE
err.ee/1609436282,err.ee/1609118600,2,3,,,FALSE
err.ee/1609435999,err.ee/1609328664,3,2,,,FALSE
err.ee/1609434382,err.ee/1609430338,2,3,,,FALSE
err.ee/1609433308,err.ee/1609422817,2,3,,,FALSE
err.ee/1609434169,err.ee/1609433980,2,3,3,,FALSE
err.ee/1609434169,err.ee/1609434163,2,3,,,FALSE
err.ee/1609434166,err.ee/1609433980,2,3,,,FALSE
err.ee/1609433452,err.ee/1608670354,3,2,,,FALSE
err.ee/1609428862,err.ee/1609295514,2,3,,,FALSE
err.ee/1609429702,err.ee/1609423435,2,3,,,FALSE
err.ee/1609429474,err.ee/1609427962,2,3,,,FALSE
err.ee/1609426609,err.ee/1609424149,3,2,,,FALSE
err.ee/1609425685,err.ee/1609424617,2,3,,,FALSE
err.ee/1609425685,err.ee/1609335780,2,3,,,FALSE
err.ee/1609423495,err.ee/1609422517,3,2,,,FALSE
err.ee/1609416574,err.ee/1609319385,2,3,,,TRUE
err.ee/1609414150,err.ee/1609412275,2,3,,,FALSE
err.ee/1609413391,err.ee/1609404772,3,3,,,TRUE
err.ee/1609413205,err.ee/1609412275,3,2,,,FALSE
err.ee/1609410991,err.ee/1609410106,2,3,,,FALSE
err.ee/1609408426,err.ee/1609402411,2,3,,,FALSE
err.ee/1609408408,err.ee/1609405408,2,3,,,FALSE
err.ee/1609404964,err.ee/1609358583,2,3,,,FALSE
err.ee/1609404877,err.ee/1609402411,2,3,,,FALSE
err.ee/1609404277,err.ee/1609402117,3,2,,,FALSE
err.ee/1609401808,err.ee/1609396729,2,3,3,,FALSE
err.ee/1609401808,err.ee/1609397179,2,3,,,FALSE
err.ee/1609400206,err.ee/1609398970,3,2,,,FALSE
err.ee/1609400014,err.ee/1609396729,2,3,,,FALSE
err.ee/1609398523,err.ee/1609391524,2,3,,,FALSE
err.ee/1609398523,err.ee/1609388573,3,2,3,,FALSE
err.ee/1609395475,err.ee/1609388573,2,3,3,,FALSE
err.ee/1609395475,err.ee/1609391524,3,2,,,FALSE
err.ee/1609394461,err.ee/1609388573,3,2,,,FALSE
err.ee/1609392793,err.ee/1609392793,3,3,,,FALSE
err.ee/1609392253,err.ee/1609250577,2,3,,,FALSE
err.ee/1609391461,err.ee/1609369226,3,2,,,FALSE
err.ee/1609389898,err.ee/1609383581,2,3,,,FALSE
err.ee/1609389898,err.ee/1609387058,3,2,,,FALSE
err.ee/1609389898,err.ee/1609384394,3,3,,,FALSE
err.ee/1609389898,err.ee/1609385465,3,3,,,FALSE
err.ee/1609388432,err.ee/1609385858,3,2,,,FALSE
err.ee/1609388432,err.ee/1609385042,3,2,,,FALSE
err.ee/1609387811,err.ee/1609384394,3,2,,,TRUE
err.ee/1609387811,err.ee/1609385465,3,2,,,FALSE
err.ee/1609386689,err.ee/1609342950,2,3,,,FALSE
err.ee/1609386689,err.ee/1609333860,3,3,,,FALSE
err.ee/1609386779,err.ee/1609300293,3,2,,,FALSE
err.ee/1609385762,err.ee/1138041,3,2,,,FALSE
err.ee/1609385147,err.ee/1609383719,2,3,,,FALSE
err.ee/1609385129,err.ee/1609379972,2,3,,,FALSE
err.ee/1609384943,err.ee/1609327746,3,2,,,FALSE
err.ee/1609384091,err.ee/1608743785,3,2,,,FALSE
err.ee/1609379606,err.ee/1608910550,2,3,,,FALSE
err.ee/1609379558,err.ee/1609308588,2,3,,,FALSE
err.ee/1609379558,err.ee/1609071101,3,3,,,FALSE
err.ee/1609372787,err.ee/1609372205,2,3,,,FALSE
err.ee/1609370222,err.ee/1609344030,3,3,2,,FALSE
err.ee/1609369229,err.ee/1609367099,2,3,,,FALSE
err.ee/1609369130,err.ee/1609367735,2,3,,,FALSE
err.ee/1609366148,err.ee/1609365344,2,3,,,FALSE
err.ee/1609364711,err.ee/1609235604,3,2,,,FALSE
err.ee/1609359176,err.ee/1609250577,2,3,,,FALSE
err.ee/1609358583,err.ee/1609268517,2,3,3,,FALSE
err.ee/1609358583,err.ee/1609278201,3,2,,,FALSE
err.ee/1609356879,err.ee/1608966095,2,3,,,FALSE
err.ee/1609356006,err.ee/1609355394,2,3,,,FALSE
err.ee/1609356006,err.ee/1609352331,3,2,,,FALSE
err.ee/1609352136,err.ee/1609345092,2,3,,,FALSE
err.ee/1609352121,err.ee/1609345131,2,3,,,FALSE
err.ee/1609350177,err.ee/1609345092,2,3,,,FALSE
err.ee/1609348272,err.ee/1609342950,3,2,,,FALSE
err.ee/1609348242,err.ee/1609001585,2,3,,,FALSE
err.ee/1609347408,err.ee/1609342950,3,2,,,FALSE
err.ee/1609347060,err.ee/1609342713,2,3,,,FALSE
err.ee/1609345893,err.ee/1609342665,2,3,,,FALSE
err.ee/1609344510,err.ee/1609339650,2,3,,,FALSE
err.ee/1609344510,err.ee/1609309860,3,3,,,FALSE
err.ee/1609341099,err.ee/1609322541,3,2,,,TRUE
err.ee/1609340352,err.ee/1609309860,3,2,,,FALSE
err.ee/1609340196,err.ee/1609309860,2,3,,,FALSE
err.ee/1609339518,err.ee/1609338648,2,3,,,FALSE
err.ee/1609338966,err.ee/1609236657,3,2,,,FALSE
err.ee/1609337205,err.ee/1609313061,2,3,,,FALSE
err.ee/1609333035,err.ee/1609071101,2,3,,,FALSE
err.ee/1609333035,err.ee/1609003745,3,3,,,FALSE
err.ee/1609332987,err.ee/1609203439,2,3,,,FALSE
err.ee/1609332987,err.ee/1609326504,2,3,,,FALSE
err.ee/1609329570,err.ee/1609326339,2,3,3,,FALSE
err.ee/1609329570,err.ee/1609326792,2,3,,,FALSE
err.ee/1609328421,err.ee/1609326339,2,3,3,,FALSE
err.ee/1609328421,err.ee/1609326792,2,3,,,FALSE
err.ee/1609329240,err.ee/1609328421,2,3,,,FALSE
err.ee/1609329102,err.ee/1609327653,2,3,,,FALSE
err.ee/1609328139,err.ee/1609327641,3,2,,,FALSE
err.ee/1609327452,err.ee/1609259115,3,3,2,,FALSE
err.ee/1609327059,err.ee/1609326339,2,3,,,FALSE
err.ee/1609325814,err.ee/1609322541,2,3,,,TRUE
err.ee/1609325814,err.ee/1608937097,3,3,2,,FALSE
err.ee/1609325907,err.ee/1609290744,2,3,,,FALSE
err.ee/1609325907,err.ee/1609297764,3,2,,,FALSE
err.ee/1609324146,err.ee/1609322541,2,3,,,TRUE
err.ee/1609324146,err.ee/1609278576,3,3,,,FALSE
err.ee/1609323684,err.ee/1609278576,2,3,,,FALSE
err.ee/1609323981,err.ee/1609259115,3,2,,,FALSE
err.ee/1609322868,delfi.ee/artikkel/120268990,2,3,,,FALSE
err.ee/1609322961,err.ee/1609322541,3,2,,,TRUE
err.ee/1609322961,err.ee/1608937097,3,3,,,FALSE
err.ee/1609322634,err.ee/1608937097,3,2,,,FALSE
err.ee/1609322541,err.ee/1608929210,3,3,,,FALSE
err.ee/1609322535,err.ee/1609296066,2,3,,,FALSE
err.ee/1609318545,err.ee/1609060106,3,2,,,FALSE
err.ee/1609317189,err.ee/1609312884,2,3,,,FALSE
err.ee/1609317186,err.ee/1609309860,3,2,,,FALSE
err.ee/1609317054,err.ee/1609307604,2,3,,,FALSE
err.ee/1609315776,err.ee/1609312884,3,2,,,FALSE
err.ee/1609315512,err.ee/1609302720,2,3,,,FALSE
err.ee/1609313808,err.ee/1609308816,2,3,,,FALSE
err.ee/1609313670,err.ee/1609274814,3,2,,,FALSE
err.ee/1609311618,err.ee/1608089212,2,3,3,,FALSE
err.ee/1609311618,err.ee/1608950806,2,3,,,FALSE
err.ee/1609310664,err.ee/1609299222,3,2,,,FALSE
err.ee/1609310667,err.ee/1609299222,3,2,,,FALSE
err.ee/1609308588,err.ee/1609003745,2,3,,,FALSE
err.ee/1609307217,err.ee/1609299222,2,3,,,FALSE
err.ee/1609307217,err.ee/1609303464,2,3,,,FALSE
err.ee/1609306965,err.ee/1609266087,2,3,,,FALSE
err.ee/1609306965,err.ee/1609265121,3,3,,,FALSE
err.ee/1609306080,err.ee/1608993710,2,3,,,FALSE
err.ee/1609306080,err.ee/1608993896,3,2,,,FALSE
err.ee/1609305192,err.ee/1609303860,2,3,,,FALSE
err.ee/1609299363,err.ee/1609266951,2,3,,,FALSE
err.ee/1609298250,err.ee/1609294281,3,2,,,FALSE
err.ee/1609297035,err.ee/1609289958,3,2,,,FALSE
err.ee/1609293051,err.ee/1609027397,2,3,,,FALSE
err.ee/1609292007,err.ee/1609291476,3,2,,,FALSE
err.ee/1609291491,err.ee/1609286907,2,3,,,FALSE
err.ee/1609287654,err.ee/1609286907,2,3,,,FALSE
err.ee/1609286043,delfi.ee/artikkel/120278221,3,2,,,FALSE
err.ee/1609285692,err.ee/1609283655,3,2,,,FALSE
err.ee/1609285614,err.ee/1609189561,2,3,,,FALSE
err.ee/1609285614,err.ee/1609188904,3,3,,,FALSE
err.ee/1609283724,err.ee/1609259115,2,3,,,FALSE
err.ee/1609281714,err.ee/1609268517,2,3,,,FALSE
err.ee/1609281003,err.ee/1608930635,2,3,,,FALSE
err.ee/1609280544,err.ee/1609268517,3,2,,,FALSE
err.ee/1609279638,err.ee/1609109237,3,2,,,FALSE
err.ee/1609279638,err.ee/1609179220,3,2,,,FALSE
err.ee/1609279392,err.ee/1212022,3,2,,,FALSE
err.ee/1609278201,postimees.ee/7969758,3,2,,,FALSE
err.ee/1609277610,err.ee/1609274589,3,2,,,FALSE
err.ee/1609277589,err.ee/1609276959,3,2,,,FALSE
err.ee/1609276407,err.ee/1609148374,2,3,,,FALSE
err.ee/1609274952,err.ee/1609269486,2,3,,,FALSE
err.ee/1609274556,err.ee/1609107515,2,3,,,FALSE
err.ee/1609273938,err.ee/1609272765,3,2,,,FALSE
err.ee/1609271829,err.ee/1609256451,3,2,,,FALSE
err.ee/1609271598,err.ee/1609270518,2,3,,,FALSE
err.ee/1609271298,err.ee/1609266957,3,3,,,FALSE
err.ee/1609271298,err.ee/1609266657,3,3,,,FALSE
err.ee/1609271205,postimees.ee/7969758,3,2,,,FALSE
err.ee/1609269603,err.ee/1609265121,3,2,,,FALSE
err.ee/1609265862,err.ee/1609259820,2,3,,,FALSE
err.ee/1609262652,err.ee/1609260462,2,3,,,FALSE
err.ee/1609261047,err.ee/1608955138,2,3,,,FALSE
err.ee/1609255701,err.ee/1609245738,2,3,3,,FALSE
err.ee/1609255917,err.ee/1609236657,3,2,,,FALSE
err.ee/1609255734,err.ee/1609245186,2,3,,,FALSE
err.ee/1609254699,err.ee/1609005515,2,3,,,FALSE
err.ee/1609254615,err.ee/1608089212,2,3,,,FALSE
err.ee/1609254594,err.ee/1609209950,2,3,,,FALSE
err.ee/1609254594,err.ee/1608982400,3,3,,,FALSE
err.ee/1609254594,err.ee/1609213483,2,3,3,,FALSE
err.ee/1609254594,err.ee/1609213577,2,3,,,FALSE
err.ee/1609252977,err.ee/1609250577,2,3,,,FALSE
err.ee/1609249785,err.ee/1609248216,2,3,,,FALSE
err.ee/1609248393,err.ee/1609244973,2,3,,,FALSE
err.ee/1609248276,err.ee/1609247997,2,3,,,FALSE
err.ee/1609245708,err.ee/1609245516,2,3,,,FALSE
err.ee/1609246011,err.ee/1609053875,2,3,,,FALSE
err.ee/1609242981,err.ee/1609242522,2,3,,,FALSE
err.ee/1609239609,err.ee/1609109237,3,2,,,FALSE
err.ee/1609239609,err.ee/1609179220,3,2,,,FALSE
err.ee/1609239609,err.ee/1609002767,3,2,,,FALSE
err.ee/1609238793,err.ee/1608997390,2,3,,,FALSE
err.ee/1609238271,err.ee/1609236657,2,3,3,,FALSE
err.ee/1609238271,err.ee/1609237191,2,3,,,FALSE
err.ee/1609237854,err.ee/1609236657,2,3,3,3,FALSE
err.ee/1609237854,err.ee/1609237389,2,3,3,,FALSE
err.ee/1609237854,err.ee/1609237191,3,3,,,FALSE
err.ee/1609237728,err.ee/1609236657,3,2,,,FALSE
err.ee/1609237692,err.ee/1609234458,3,2,,,FALSE
err.ee/1609237677,err.ee/1609236657,2,3,3,,FALSE
err.ee/1609237677,err.ee/1609237191,3,2,,,FALSE
err.ee/1609237485,err.ee/1609120679,3,2,,,FALSE
err.ee/1609237473,err.ee/1609213009,3,2,,,FALSE
err.ee/1609237389,err.ee/1609236657,2,3,,,FALSE
err.ee/1609237371,err.ee/1609236657,2,3,,,FALSE
err.ee/1609237332,err.ee/1609234368,2,3,,,FALSE
err.ee/1609236390,err.ee/1609210849,2,3,,,FALSE
err.ee/1609235430,err.ee/1609233813,3,2,,,FALSE
err.ee/1609235430,err.ee/1609231926,3,3,,,FALSE
err.ee/1609234797,err.ee/1609233813,2,3,,,FALSE
err.ee/1609235307,err.ee/1609230531,2,3,,,FALSE
err.ee/1609234776,err.ee/1609231926,3,3,,,FALSE
err.ee/1609234485,err.ee/1609234068,2,3,,,FALSE
err.ee/1609232577,err.ee/1609186348,3,2,,,FALSE
err.ee/1609229499,err.ee/1609201828,2,3,,,FALSE
err.ee/1609226997,postimees.ee/7905788,2,3,,,FALSE
err.ee/1609224810,err.ee/1609223385,2,3,,,FALSE
err.ee/1609224027,delfi.ee/artikkel/120253472,3,2,,,FALSE
err.ee/1609223052,err.ee/1153214,2,3,,,FALSE
err.ee/1609223052,err.ee/1608869495,2,3,,,FALSE
err.ee/1609222482,err.ee/1609215358,2,3,,,FALSE
err.ee/1609217428,err.ee/1609215358,3,2,,,FALSE
err.ee/1609216789,err.ee/1609215526,2,3,,,FALSE
err.ee/1609216618,err.ee/1609009865,3,2,,,FALSE
err.ee/1609214776,err.ee/1608982400,3,2,,,FALSE
err.ee/1609214776,err.ee/1609213483,2,3,,,FALSE
err.ee/1609214743,err.ee/1609148374,3,2,3,,FALSE
err.ee/1609211944,err.ee/1609206097,3,2,,,FALSE
err.ee/1609208677,err.ee/1608997357,3,2,,,FALSE
err.ee/1609208674,err.ee/1609206100,2,3,,,FALSE
err.ee/1609203868,err.ee/1609203421,2,3,,,FALSE
err.ee/1609203445,err.ee/1609182448,2,3,,,FALSE
err.ee/1609198888,err.ee/1609159132,3,2,,,FALSE
err.ee/1609195612,err.ee/1609182955,2,3,,,FALSE
err.ee/1609193560,err.ee/1609094273,3,2,,,FALSE
err.ee/1609192540,err.ee/1609187614,2,3,,,FALSE
err.ee/1609192540,err.ee/1609188502,2,3,,,FALSE
err.ee/1609191823,err.ee/1609188904,3,2,,,FALSE
err.ee/1609191493,err.ee/1609042562,2,3,,,FALSE
err.ee/1609190041,err.ee/1609188904,3,2,,,FALSE
err.ee/1609186975,err.ee/1608914054,3,2,,,FALSE
err.ee/1609185520,err.ee/1609182970,2,3,,,FALSE
err.ee/1609184944,err.ee/1609176721,3,2,,,FALSE
err.ee/1609180714,err.ee/1609179460,2,3,,,FALSE
err.ee/1609178917,err.ee/1608331796,2,3,,,FALSE
err.ee/1609178407,err.ee/1609048100,3,2,,,FALSE
err.ee/1609178272,err.ee/1609171528,3,2,,,FALSE
err.ee/1609177333,err.ee/1609136963,3,2,,,FALSE
err.ee/1609175299,err.ee/1609157044,2,3,,,FALSE
err.ee/1609174297,err.ee/1609165336,3,2,,,FALSE
err.ee/1609174297,err.ee/1609169560,3,2,,,FALSE
err.ee/1609173811,err.ee/1608919490,2,3,,,FALSE
err.ee/1609172758,delfi.ee/artikkel/120249573,3,2,,,TRUE
err.ee/1609172161,err.ee/1609165687,2,3,,,FALSE
err.ee/1609169506,err.ee/1609168807,2,3,,,FALSE
err.ee/1609169365,err.ee/1609167769,2,3,,,FALSE
err.ee/1609169308,err.ee/1609163035,3,2,,,FALSE
err.ee/1609166569,delfi.ee/artikkel/120238893,3,2,,,FALSE
err.ee/1609162960,err.ee/1609159333,2,3,,,FALSE
err.ee/1609159510,err.ee/1609149184,2,3,,,FALSE
err.ee/1609159441,err.ee/1609158151,2,3,,,FALSE
err.ee/1609158748,err.ee/1609155811,2,3,,,FALSE
err.ee/1609158682,err.ee/1609155811,3,2,,,FALSE
err.ee/1609157548,err.ee/1609156909,2,3,,,FALSE
err.ee/1609156810,err.ee/1609094324,3,3,,,FALSE
err.ee/1609156810,err.ee/1609095770,2,3,,,FALSE
err.ee/1609150621,err.ee/1609136156,2,3,,,FALSE
err.ee/1609150621,err.ee/1609136450,2,3,,,FALSE
err.ee/1609150381,err.ee/1609136801,2,3,,,FALSE
err.ee/1609148143,err.ee/1609148002,3,2,,,FALSE
err.ee/1609148143,err.ee/1609147297,3,2,,,FALSE
err.ee/1609147570,err.ee/1609147297,3,3,2,,FALSE
err.ee/1609144061,err.ee/1609026146,3,2,,,FALSE
err.ee/1609143230,err.ee/1609142042,2,3,,,FALSE
err.ee/1609141159,err.ee/1609141033,2,3,,,FALSE
err.ee/1609138199,err.ee/1609095401,2,3,,,FALSE
err.ee/1609136738,err.ee/1609134968,2,3,,,FALSE
err.ee/1609136738,err.ee/1609134806,3,2,,,FALSE
err.ee/1609135817,err.ee/1609134806,2,3,,,FALSE
err.ee/1609134818,err.ee/1609132973,3,2,,,FALSE
err.ee/1609132868,err.ee/1609107515,2,3,,,FALSE
err.ee/1609132796,err.ee/1609119329,3,2,,,FALSE
err.ee/1609131926,err.ee/1609127894,2,3,,,FALSE
err.ee/1609126631,err.ee/1608951508,2,3,,,FALSE
err.ee/1609128974,err.ee/1609107515,2,3,,,FALSE
err.ee/1609128281,err.ee/1609126616,2,3,,,FALSE
err.ee/1609128281,err.ee/1609125917,3,3,,,FALSE
err.ee/1609126694,err.ee/1609125917,3,2,,,FALSE
err.ee/1609124855,err.ee/1609120640,2,3,,,FALSE
err.ee/1609122872,err.ee/1609111280,2,3,,,FALSE
err.ee/1609121570,err.ee/1133616,3,2,,,FALSE
err.ee/1609121585,err.ee/1609098752,3,2,,,FALSE
err.ee/1609121522,err.ee/1608282600,3,3,,,FALSE
err.ee/1609118600,postimees.ee/7729164,3,3,,,FALSE
err.ee/1609115261,err.ee/1609114130,3,2,,,FALSE
err.ee/1609114481,err.ee/1609113665,2,3,,,FALSE
err.ee/1609114082,delfi.ee/artikkel/120234987,3,3,,,FALSE
err.ee/1609113629,delfi.ee/artikkel/120232526,2,3,,,FALSE
err.ee/1609113317,err.ee/1609109120,2,3,,,FALSE
err.ee/1609113317,err.ee/1609112960,2,3,,,FALSE
err.ee/1609112690,err.ee/1609111055,3,2,,,FALSE
err.ee/1609110560,err.ee/1609103114,3,3,,,FALSE
err.ee/1609112054,err.ee/1609109624,2,3,,,FALSE
err.ee/1609110209,err.ee/1608402749,2,3,,,FALSE
err.ee/1609109591,err.ee/1609109120,2,3,3,,FALSE
err.ee/1609109591,err.ee/1609109492,3,2,,,FALSE
err.ee/1609109510,err.ee/1609109120,2,3,,,FALSE
err.ee/1609108280,err.ee/1609104929,2,3,,,FALSE
err.ee/1609106768,err.ee/1609077293,3,2,,,FALSE
err.ee/1609105910,err.ee/1609037342,2,3,,,FALSE
err.ee/1609105670,err.ee/1608726409,3,3,,,FALSE
err.ee/1609105670,err.ee/1609077293,3,2,,,FALSE
err.ee/1609104332,err.ee/1608726409,3,2,3,,FALSE
err.ee/1609104332,err.ee/1609006379,3,3,,,FALSE
err.ee/1609104332,err.ee/1609077293,3,2,,,FALSE
err.ee/1609102355,err.ee/1609095206,2,3,,,FALSE
err.ee/1609099616,err.ee/1609096898,2,3,,,FALSE
err.ee/1609099025,err.ee/1609098647,2,3,,,FALSE
err.ee/1609098992,err.ee/1608997108,2,3,3,,FALSE
err.ee/1609098992,err.ee/1609003274,2,3,,,FALSE
err.ee/1609098737,err.ee/1609097996,2,3,,,FALSE
err.ee/1609097816,err.ee/1609096814,2,3,,,FALSE
err.ee/1609097447,err.ee/1609002911,3,3,,,FALSE
err.ee/1609095287,err.ee/1609094657,3,2,,,FALSE
err.ee/1609094573,err.ee/1608712228,2,3,,,FALSE
err.ee/1609094573,err.ee/1609091585,3,2,,,FALSE
err.ee/1609094558,err.ee/1609091585,3,2,,,FALSE
err.ee/1609090946,err.ee/1609077829,2,3,,,FALSE
err.ee/1609090946,err.ee/1609077293,3,3,2,,FALSE
err.ee/1609090946,err.ee/1609072685,3,3,,,FALSE
err.ee/1609090946,err.ee/1608726409,3,2,3,3,FALSE
err.ee/1609090946,err.ee/1609006379,2,3,,,FALSE
err.ee/1609087478,err.ee/1609082093,2,3,,,FALSE
err.ee/1609087478,err.ee/1609080596,3,3,,,FALSE
err.ee/1609086818,err.ee/1608760369,2,3,,,FALSE
err.ee/1609086818,err.ee/1608983618,2,3,,,FALSE
err.ee/1609086818,err.ee/1608962656,3,3,,,FALSE
err.ee/1609083395,err.ee/1609082093,2,3,,,FALSE
err.ee/1609083395,err.ee/1609080596,3,2,,,FALSE
err.ee/1609080041,err.ee/1608911249,2,3,,,FALSE
err.ee/1609080041,err.ee/1608918248,2,3,,,FALSE
err.ee/1609080041,err.ee/1609045631,2,3,,,FALSE
err.ee/1609078492,err.ee/1609072685,2,3,,,FALSE
err.ee/1609078492,err.ee/1608726409,3,2,3,,FALSE
err.ee/1609078492,err.ee/1609006379,3,3,,,FALSE
err.ee/1609078492,err.ee/1609077293,3,2,,,FALSE
err.ee/1609078432,err.ee/1609062692,3,2,,,FALSE
err.ee/1609078432,err.ee/1609071995,3,2,,,FALSE
err.ee/1609077829,err.ee/1609072685,3,3,,,FALSE
err.ee/1609077829,err.ee/1609077293,3,2,,,FALSE
err.ee/1609077703,err.ee/1609072685,2,3,,,FALSE
err.ee/1609077703,err.ee/1608726409,3,3,,,FALSE
err.ee/1609077703,err.ee/1609006379,3,3,,,FALSE
err.ee/1609077667,err.ee/1609056398,2,3,,,FALSE
err.ee/1609077293,err.ee/1608726409,3,2,3,,FALSE
err.ee/1609077293,err.ee/1609006379,3,2,,,FALSE
err.ee/1609077014,err.ee/1608842401,3,2,,,FALSE
err.ee/1609073633,err.ee/1608918833,3,2,,,FALSE
err.ee/1609072685,err.ee/1608726409,2,3,,,FALSE
err.ee/1609071305,err.ee/1609067705,3,3,,,FALSE
err.ee/1609071305,err.ee/1609067903,3,2,,,FALSE
err.ee/1609071263,err.ee/1609067705,2,3,,,FALSE
err.ee/1609071056,err.ee/1609069241,3,2,,,FALSE
err.ee/1609071011,err.ee/1609069241,3,2,,,FALSE
err.ee/1609068614,err.ee/1609018160,2,3,,,FALSE
err.ee/1609069973,err.ee/1609068764,2,3,,,FALSE
err.ee/1609069973,err.ee/1608990947,3,2,,,FALSE
err.ee/1609069241,err.ee/1609064849,2,3,3,,FALSE
err.ee/1609068704,err.ee/1608873161,2,3,,,TRUE
err.ee/1609067756,err.ee/1609064849,3,3,,,FALSE
err.ee/1609066706,err.ee/1609048496,3,2,,,FALSE
err.ee/1609066706,err.ee/1609050170,3,2,,,FALSE
err.ee/1609066418,err.ee/1609057520,3,2,,,FALSE
err.ee/1609065494,err.ee/1609064189,2,3,,,FALSE
err.ee/1609064237,err.ee/1609063451,3,2,,,FALSE
err.ee/1609063964,err.ee/1609060106,3,2,,,FALSE
err.ee/1609062692,err.ee/1609055273,3,3,,,FALSE
err.ee/1609062692,err.ee/1609056029,3,2,,,FALSE
err.ee/1609061513,err.ee/1609005515,2,3,3,,FALSE
err.ee/1609061513,err.ee/1609027034,2,3,,,TRUE
err.ee/1609060109,err.ee/1609054034,2,3,,,FALSE
err.ee/1609060109,err.ee/1609053536,3,3,,,FALSE
err.ee/1609060109,err.ee/1609052924,3,3,,,FALSE
err.ee/1609060049,err.ee/1608999566,3,2,,,FALSE
err.ee/1609059677,err.ee/1609056029,2,3,,,FALSE
err.ee/1609057958,err.ee/1609042064,2,3,,,FALSE
err.ee/1609056005,err.ee/1609055273,2,3,,,FALSE
err.ee/1609054973,postimees.ee/7828432,2,3,,,FALSE
err.ee/1609054973,delfi.ee/artikkel/120220081,3,3,,,FALSE
err.ee/1609054973,err.ee/1609051169,3,2,,,FALSE
err.ee/1609054940,delfi.ee/artikkel/120220081,3,3,,,FALSE
err.ee/1609054709,err.ee/1117829,3,2,,,FALSE
err.ee/1609054286,err.ee/1609053536,2,3,,,FALSE
err.ee/1609054286,err.ee/1609049225,3,3,,,FALSE
err.ee/1609054286,err.ee/1609052924,3,3,2,,FALSE
err.ee/1609054034,err.ee/1609049225,3,2,,,FALSE
err.ee/1609054034,err.ee/1609052924,3,2,,,FALSE
err.ee/1609053779,postimees.ee/7828432,2,3,,,FALSE
err.ee/1609051205,err.ee/1609043438,3,3,,,FALSE
err.ee/1609051205,err.ee/1609045211,3,2,,,FALSE
err.ee/1609050029,delfi.ee/artikkel/120220793,3,2,,,FALSE
err.ee/1609047107,err.ee/1609043438,2,3,,,FALSE
err.ee/1609045067,err.ee/1609044203,3,2,,,FALSE
err.ee/1609044587,err.ee/1609007912,3,2,,,FALSE
err.ee/1609042748,err.ee/1609041848,2,3,,,FALSE
err.ee/1609042595,err.ee/1609005515,2,3,,,FALSE
err.ee/1609040696,err.ee/1608997108,2,3,,,FALSE
err.ee/1609039166,err.ee/1609032662,2,3,,,FALSE
err.ee/1609038275,err.ee/1609029107,2,3,,,FALSE
err.ee/1609037180,err.ee/1609031084,2,3,,,FALSE
err.ee/1609037675,err.ee/1609028720,2,3,,,FALSE
err.ee/1609036709,err.ee/1609031084,2,3,,,FALSE
err.ee/1609035575,err.ee/1609035269,2,3,,,FALSE
err.ee/1609033388,err.ee/1609031471,2,3,,,FALSE
err.ee/1609030241,delfi.ee/artikkel/120212072,2,3,,,FALSE
err.ee/1609030781,err.ee/1609029182,2,3,,,FALSE
err.ee/1609029644,err.ee/1608282600,3,3,,,FALSE
err.ee/1609027253,err.ee/1609023545,2,3,,,FALSE
err.ee/1609027112,delfi.ee/artikkel/120213166,2,3,,,FALSE
err.ee/1609026998,err.ee/1609024367,3,3,2,,FALSE
err.ee/1609026998,err.ee/1608986354,2,3,,,FALSE
err.ee/1609024976,err.ee/1609022255,2,3,,,FALSE
err.ee/1609020992,err.ee/1608772558,2,3,,,FALSE
err.ee/1609019234,err.ee/1609019003,3,3,,,FALSE
err.ee/1609018430,err.ee/1609017044,3,2,,,FALSE
err.ee/1609018262,err.ee/1609017446,3,2,,,FALSE
err.ee/1609017902,err.ee/1609017455,2,3,,,FALSE
err.ee/1609017506,err.ee/1609017395,2,3,,,FALSE
err.ee/1609017023,err.ee/1609016144,3,2,,,FALSE
err.ee/1609017023,err.ee/1609015370,3,3,,,FALSE
err.ee/1609016672,err.ee/1609015370,3,2,,,FALSE
err.ee/1609016672,err.ee/1608997390,3,3,,,FALSE
err.ee/1609016144,err.ee/1608997390,3,2,,,FALSE
err.ee/1609015094,err.ee/1609015094,2,3,,,FALSE
err.ee/1609015094,err.ee/1608716110,3,2,,,FALSE
err.ee/1609015409,err.ee/1609014815,3,2,,,FALSE
err.ee/1609015370,err.ee/1609014356,3,2,,,FALSE
err.ee/1609015370,err.ee/1608997390,3,2,,,FALSE
err.ee/1609012451,err.ee/1609009184,2,3,,,FALSE
err.ee/1609011314,err.ee/1608772558,2,3,,,FALSE
err.ee/1609012229,err.ee/1609011461,3,2,,,FALSE
err.ee/1609012229,err.ee/1609010723,3,3,,,FALSE
err.ee/1609012004,err.ee/1609010723,3,2,,,FALSE
err.ee/1609010009,err.ee/1608947144,3,2,,,FALSE
err.ee/1609006388,err.ee/1608860108,3,3,,,FALSE
err.ee/1609006388,err.ee/1608919490,3,2,,,FALSE
err.ee/1609004600,err.ee/1608998083,2,3,,,FALSE
err.ee/1609004093,err.ee/1608992653,2,3,,,FALSE
err.ee/1609004234,err.ee/1608992653,3,3,,,FALSE
err.ee/1609004234,err.ee/1609000445,3,2,,,FALSE
err.ee/1609004021,err.ee/1608949516,3,3,,,FALSE
err.ee/1609003628,err.ee/1608990509,2,3,,,FALSE
err.ee/1609003643,err.ee/1608990563,3,2,3,,FALSE
err.ee/1609003643,err.ee/1608993890,3,2,,,FALSE
err.ee/1609003685,err.ee/1609003211,2,3,,,FALSE
err.ee/1609003574,err.ee/1608294699,3,3,,,FALSE
err.ee/1609003574,err.ee/1608904433,3,3,,,FALSE
err.ee/1609003574,err.ee/1608972782,3,2,,,FALSE
err.ee/1609003574,err.ee/1608659599,3,3,,,FALSE
err.ee/1609003274,err.ee/1608989506,3,3,,,FALSE
err.ee/1609003043,err.ee/1608995795,3,2,,,FALSE
err.ee/1609002578,err.ee/1608979841,2,3,,,FALSE
err.ee/1609000445,err.ee/1608992653,2,3,,,FALSE
err.ee/1609000445,err.ee/1608997357,2,3,,,FALSE
err.ee/1609000898,err.ee/1608999641,3,2,,,FALSE
err.ee/1609000856,err.ee/1608990563,3,2,3,,FALSE
err.ee/1609000856,err.ee/1608993890,3,2,,,FALSE
err.ee/1609000721,err.ee/1608625495,3,2,,,FALSE
err.ee/1609000565,err.ee/1608990755,3,2,,,FALSE
err.ee/1608999425,err.ee/1608921827,3,2,,,FALSE
err.ee/1608999656,err.ee/1608996436,2,3,,,FALSE
err.ee/1608997381,err.ee/1608990563,2,3,,,FALSE
err.ee/1608997453,err.ee/1608973205,2,3,,,FALSE
err.ee/1608997453,err.ee/1608946745,3,3,,,FALSE
err.ee/1608997432,err.ee/1608977438,2,3,,,FALSE
err.ee/1608997327,err.ee/1608991037,2,3,,,FALSE
err.ee/1608997009,err.ee/1608990215,2,3,3,,FALSE
err.ee/1608997009,err.ee/1608703387,3,3,,,FALSE
err.ee/1608997009,err.ee/1608694480,3,3,,,FALSE
err.ee/1608997009,err.ee/1608990938,2,3,,,FALSE
err.ee/1608996982,delfi.ee/artikkel/120196868,3,2,,,FALSE
err.ee/1608996916,err.ee/1608990509,2,3,,,FALSE
err.ee/1608995354,err.ee/1608278586,3,2,,,FALSE
err.ee/1608995093,err.ee/1608883928,3,2,,,TRUE
err.ee/1608995189,err.ee/1608929453,2,3,,,FALSE
err.ee/1608995189,err.ee/1608911249,2,3,,,FALSE
err.ee/1608992266,err.ee/1608968617,2,3,,,FALSE
err.ee/1608991676,err.ee/1608986528,2,3,,,FALSE
err.ee/1608991676,err.ee/1608987137,3,2,,,FALSE
err.ee/1608991004,err.ee/1608990473,2,3,,,FALSE
err.ee/1608991004,err.ee/1608990512,3,2,,,FALSE
err.ee/1608990977,err.ee/1608990473,2,3,,,FALSE
err.ee/1608990977,err.ee/1608990512,3,2,,,FALSE
err.ee/1608991031,err.ee/1608990215,2,3,,,FALSE
err.ee/1608991031,err.ee/1608703387,3,3,,,FALSE
err.ee/1608991031,err.ee/1608694480,3,3,,,FALSE
err.ee/1608991025,err.ee/1608884162,2,3,,,FALSE
err.ee/1608990938,err.ee/1608703387,3,2,,,FALSE
err.ee/1608990938,err.ee/1608694480,3,2,,,FALSE
err.ee/1608990044,err.ee/1608987137,2,3,,,FALSE
err.ee/1608989957,err.ee/1608896504,2,3,,,FALSE
err.ee/1608989767,err.ee/1608963661,3,2,,,FALSE
err.ee/1608989653,err.ee/1608946745,2,3,,,FALSE
err.ee/1608989506,err.ee/1608294699,2,3,,,FALSE
err.ee/1608989506,err.ee/1608904433,2,3,,,FALSE
err.ee/1608989506,err.ee/1608659599,3,2,,,FALSE
err.ee/1608988355,err.ee/1608986354,2,3,,,FALSE
err.ee/1608985973,err.ee/1608760369,2,3,,,FALSE
err.ee/1608985973,err.ee/1608962656,3,2,,,FALSE
err.ee/1608985531,err.ee/1608984466,2,3,,,FALSE
err.ee/1608984499,delfi.ee/artikkel/120190798,3,2,,,FALSE
err.ee/1608981788,err.ee/1608980312,2,3,,,FALSE
err.ee/1608981788,err.ee/1608977408,2,3,,,FALSE
err.ee/1608980480,err.ee/1608977540,2,3,,,FALSE
err.ee/1608980480,delfi.ee/artikkel/120188326,3,2,,,FALSE
err.ee/1608979925,err.ee/1608972431,3,2,,,FALSE
err.ee/1608979829,err.ee/1608975140,3,3,,,FALSE
err.ee/1608979766,err.ee/1608977540,2,3,,,FALSE
err.ee/1608978695,err.ee/1608680083,2,3,,,FALSE
err.ee/1608978137,err.ee/1608748186,2,3,,,FALSE
err.ee/1608976064,err.ee/1608966092,2,3,,,FALSE
err.ee/1608976064,err.ee/1608278586,3,3,,,FALSE
err.ee/1608976064,err.ee/1608934448,3,3,2,,FALSE
err.ee/1608975176,err.ee/1608928910,3,2,,,FALSE
err.ee/1608973169,err.ee/1608973949,3,2,,,FALSE
err.ee/1608974138,err.ee/1608973949,3,2,,,FALSE
err.ee/1608973733,err.ee/1608766585,2,3,,,FALSE
err.ee/1608973136,err.ee/1608966092,2,3,,,FALSE
err.ee/1608973136,err.ee/1608934448,3,3,,,FALSE
err.ee/1608973115,err.ee/1608968842,3,2,,,FALSE
err.ee/1608970624,err.ee/1608971092,2,2,,,FALSE
err.ee/1608969622,err.ee/1608911249,2,3,,,FALSE
err.ee/1608969622,err.ee/1608918248,2,3,,,FALSE
err.ee/1608969286,err.ee/1608278586,3,3,,,FALSE
err.ee/1608969286,err.ee/1608934448,3,2,,,FALSE
err.ee/1608969130,err.ee/1608956806,2,3,,,FALSE
err.ee/1608969130,err.ee/1608927698,3,2,,,FALSE
err.ee/1608968842,err.ee/1608860108,2,3,,,FALSE
err.ee/1608966095,err.ee/1608966095,2,3,,,FALSE
err.ee/1608966095,postimees.ee/7759570,3,2,,,FALSE
err.ee/1608966095,postimees.ee/7722633,3,2,,,FALSE
err.ee/1608966095,err.ee/1608889298,3,2,,,FALSE
err.ee/1608966092,err.ee/1608278586,2,3,,,FALSE
err.ee/1608964753,err.ee/1608842776,2,3,,,FALSE
err.ee/1608964378,err.ee/1608963127,2,3,,,FALSE
err.ee/1608963391,err.ee/1608956650,2,3,3,,FALSE
err.ee/1608963391,err.ee/1608957283,2,3,3,,FALSE
err.ee/1608963391,err.ee/1608959329,2,3,,,FALSE
err.ee/1608963640,err.ee/1608960070,2,3,,,FALSE
err.ee/1608960721,err.ee/1608956650,2,3,,,FALSE
err.ee/1608960721,err.ee/1608957283,2,3,,,FALSE
err.ee/1608961034,err.ee/1608911249,2,3,3,3,FALSE
err.ee/1608961034,err.ee/1608932963,2,3,3,,FALSE
err.ee/1608961034,err.ee/1608939704,2,3,,,FALSE
err.ee/1608961034,err.ee/1608938138,2,3,,,FALSE
err.ee/1608961034,err.ee/1608937118,3,3,,,FALSE
err.ee/1608957629,err.ee/1608956650,2,3,,,FALSE
err.ee/1608957620,err.ee/1608937718,2,3,,,FALSE
err.ee/1608957334,err.ee/1608920066,2,3,,,FALSE
err.ee/1608956581,err.ee/1608950293,3,2,,,FALSE
err.ee/1608953896,err.ee/1608937118,2,3,,,FALSE
err.ee/1608953896,err.ee/1608932963,2,3,,,FALSE
err.ee/1608953896,err.ee/1608911249,3,2,3,,FALSE
err.ee/1608953783,err.ee/1608855482,2,3,,,FALSE
err.ee/1608953027,err.ee/1608920972,2,3,,,TRUE
err.ee/1608952309,err.ee/1608724279,3,2,,,FALSE
err.ee/1608952309,err.ee/1608562852,3,3,,,FALSE
err.ee/1608951826,err.ee/1608885245,2,3,,,FALSE
err.ee/1608947881,err.ee/1608936740,3,2,,,FALSE
err.ee/1608949360,err.ee/1608943541,2,3,3,3,FALSE
err.ee/1608949360,err.ee/1608944558,2,3,3,,FALSE
err.ee/1608949360,err.ee/1608945892,2,3,,,FALSE
err.ee/1608949360,err.ee/1608946973,2,3,,,FALSE
err.ee/1608949348,err.ee/1608911249,2,3,3,3,FALSE
err.ee/1608949348,err.ee/1608928910,2,3,,,FALSE
err.ee/1608949348,err.ee/1608918248,3,2,3,3,FALSE
err.ee/1608949348,err.ee/1608933962,3,2,,,FALSE
err.ee/1608948463,err.ee/1608943541,2,3,3,,FALSE
err.ee/1608948463,err.ee/1608944558,2,3,,,FALSE
err.ee/1608948439,err.ee/1608944228,2,3,,,FALSE
err.ee/1608947827,err.ee/1608943604,3,2,,,FALSE
err.ee/1608946613,err.ee/1608923396,2,3,,,FALSE
err.ee/1608946613,err.ee/1608937775,2,3,,,FALSE
err.ee/1608945892,err.ee/1608943541,2,3,,,FALSE
err.ee/1608945416,delfi.ee/artikkel/120171390,3,2,3,,FALSE
err.ee/1608943952,err.ee/1608937298,3,2,,,FALSE
err.ee/1608943952,err.ee/1608613135,3,2,,,FALSE
err.ee/1608943952,err.ee/892447,3,2,,,FALSE
err.ee/1608943439,err.ee/1608911249,2,3,,,FALSE
err.ee/1608943031,err.ee/1608941348,2,3,,,FALSE
err.ee/1608936785,err.ee/1608930137,3,2,,,FALSE
err.ee/1608940940,err.ee/1608937118,2,3,,,FALSE
err.ee/1608940940,err.ee/1608932963,2,3,,,FALSE
err.ee/1608940940,err.ee/1608911249,3,2,3,,FALSE
err.ee/1608938012,err.ee/1608930635,2,3,,,FALSE
err.ee/1608938462,err.ee/1608911249,2,3,3,,FALSE
err.ee/1608938462,err.ee/1608918248,2,3,3,,FALSE
err.ee/1608938138,err.ee/1608911249,3,2,,,FALSE
err.ee/1608937865,err.ee/1608935480,3,2,,,FALSE
err.ee/1608937505,err.ee/1608927308,2,3,,,FALSE
err.ee/1608937421,err.ee/1608927308,2,3,,,FALSE
err.ee/1608936797,err.ee/1608918248,3,3,,,FALSE
err.ee/1608936797,err.ee/1608911249,3,3,,,FALSE
err.ee/1608936542,err.ee/1608844963,3,2,,,FALSE
err.ee/1608936542,err.ee/1608930596,3,2,,,FALSE
err.ee/1608935516,err.ee/1608931448,2,3,,,FALSE
err.ee/1608933890,err.ee/1608929453,3,3,,,FALSE
err.ee/1608933704,err.ee/1608931448,2,3,,,FALSE
err.ee/1608933704,err.ee/1608930596,3,2,3,,FALSE
err.ee/1608933704,err.ee/1608900545,3,3,,,FALSE
err.ee/1608933704,err.ee/1608845515,3,3,,,FALSE
err.ee/1608933704,err.ee/1608924347,3,3,,,FALSE
err.ee/1608933824,err.ee/1608930596,2,3,,,FALSE
err.ee/1608933824,err.ee/1608845515,3,3,,,FALSE
err.ee/1608933824,err.ee/1608900545,3,3,,,FALSE
err.ee/1608933206,err.ee/1608930635,2,3,,,FALSE
err.ee/1608930569,err.ee/1608929453,2,3,,,FALSE
err.ee/1608930155,err.ee/1608926681,2,3,,,FALSE
err.ee/1608930086,err.ee/1608928844,2,3,3,,TRUE
err.ee/1608928067,err.ee/1608926705,2,3,,,TRUE
err.ee/1608928091,err.ee/1608924023,3,2,,,FALSE
err.ee/1608925768,err.ee/1608917771,3,2,,,FALSE
err.ee/1608925690,err.ee/1608923189,2,3,,,FALSE
err.ee/1608925690,err.ee/1608921827,3,3,,,FALSE
err.ee/1608923330,err.ee/1608921827,2,3,,,FALSE
err.ee/1608920132,err.ee/1608914945,2,3,,,FALSE
err.ee/1608920132,err.ee/1608915833,3,2,,,FALSE
err.ee/1608919946,err.ee/1608914078,2,3,,,FALSE
err.ee/1608919919,err.ee/678695,2,3,,,FALSE
err.ee/1608917507,err.ee/1608914639,2,3,,,FALSE
err.ee/1608916451,err.ee/1608914639,2,3,,,FALSE
err.ee/1608916037,err.ee/1608914078,2,3,,,FALSE
err.ee/1608913493,err.ee/1608562852,3,2,,,FALSE
err.ee/1608914297,delfi.ee/artikkel/120156940,2,3,,,TRUE
err.ee/1608907898,err.ee/1608906275,2,3,,,FALSE
err.ee/1608907280,err.ee/1608898088,2,3,3,,FALSE
err.ee/1608907280,err.ee/1608899636,3,2,,,FALSE
err.ee/1608903368,err.ee/1608890984,3,2,,,FALSE
err.ee/1608902804,err.ee/1608900098,2,3,3,,FALSE
err.ee/1608902804,postimees.ee/7723619,2,3,,,FALSE
err.ee/1608902804,err.ee/1608901760,2,3,,,FALSE
err.ee/1608902804,err.ee/1608901271,3,2,3,,FALSE
err.ee/1608901703,err.ee/1608900098,2,3,,,FALSE
err.ee/1608901703,err.ee/1608901271,2,3,,,FALSE
err.ee/1608901241,err.ee/1608898088,2,3,,,FALSE
err.ee/1608899636,err.ee/1608898088,2,3,,,FALSE
err.ee/1608899579,err.ee/1608886238,2,3,,,FALSE
err.ee/1608896708,err.ee/1608893045,2,3,,,FALSE
err.ee/1608896135,err.ee/1608890321,3,2,,,FALSE
err.ee/1608891260,err.ee/1608715207,3,3,,,FALSE
err.ee/1608892484,postimees.ee/7712219,2,3,,,FALSE
err.ee/1608890984,err.ee/1608656764,3,2,,,FALSE
err.ee/1608890201,postimees.ee/7712811,3,2,,,FALSE
err.ee/1608890201,postimees.ee/7713680,3,3,,,FALSE
err.ee/1608889166,postimees.ee/7712811,2,3,,,FALSE
err.ee/1608889166,postimees.ee/7713680,3,2,,,FALSE
err.ee/1608889424,err.ee/1608886238,2,3,,,FALSE
err.ee/1608889268,err.ee/1608886238,2,3,,,FALSE
err.ee/1608884309,err.ee/1608882287,2,3,,,FALSE
err.ee/1608880835,err.ee/1608215452,3,2,,,FALSE
err.ee/1608878114,err.ee/1608846364,2,3,,,FALSE
err.ee/1608875366,err.ee/1608870449,2,3,,,FALSE
err.ee/1608873752,err.ee/1608601036,3,2,,,FALSE
err.ee/1608870755,err.ee/1608808471,2,3,,,FALSE
err.ee/1608869459,err.ee/1608629506,3,3,,,FALSE
err.ee/1608869549,err.ee/1608867803,2,3,,,FALSE
err.ee/1608869507,err.ee/1608869096,3,2,,,FALSE
err.ee/1608868388,err.ee/1608857738,3,2,,,FALSE
err.ee/1608868388,err.ee/1608863696,3,2,,,FALSE
err.ee/1608867806,err.ee/1608846364,2,3,,,FALSE
err.ee/1608864848,err.ee/1608863717,2,3,,,FALSE
err.ee/1608862136,err.ee/1608860282,3,2,,,TRUE
err.ee/1608858788,err.ee/1608857519,2,3,,,FALSE
err.ee/1608849856,err.ee/1608827746,2,3,3,,FALSE
err.ee/1608849856,err.ee/1608508511,3,3,,,FALSE
err.ee/1608849856,err.ee/1608512513,3,3,,,FALSE
err.ee/1608849856,err.ee/1608696835,3,3,3,2,FALSE
err.ee/1608849856,err.ee/1608829012,3,2,,,FALSE
err.ee/1608847627,err.ee/1608839626,3,2,,,FALSE
err.ee/1608844027,err.ee/1608772177,3,2,,,FALSE
err.ee/1608842224,delfi.ee/artikkel/120124304,3,2,,,FALSE
err.ee/1608838552,err.ee/1608815881,2,3,3,,FALSE
err.ee/1608838552,err.ee/1608817723,2,3,,,FALSE
err.ee/1608836542,err.ee/1608788251,3,2,,,FALSE
err.ee/1608830014,err.ee/1608815881,2,3,,,FALSE
err.ee/1608829756,err.ee/1608827746,2,3,,,FALSE
err.ee/1608829756,err.ee/1608508511,3,3,,,FALSE
err.ee/1608829756,err.ee/1608512513,3,3,,,FALSE
err.ee/1608829756,err.ee/1608696835,3,3,2,,FALSE
err.ee/1608829693,err.ee/1608782440,3,2,,,FALSE
err.ee/1608829012,err.ee/1608508511,3,3,,,FALSE
err.ee/1608829012,err.ee/1608512513,3,3,,,FALSE
err.ee/1608829012,err.ee/1608696835,3,2,,,FALSE
err.ee/1608828865,err.ee/1608824770,2,3,,,FALSE
err.ee/1608827746,err.ee/1608508511,2,3,3,,FALSE
err.ee/1608827746,err.ee/1608512513,2,3,,,FALSE
err.ee/1608827746,err.ee/1608508562,3,3,,,FALSE
err.ee/1608817933,err.ee/1608666658,2,3,,,FALSE
err.ee/1608815476,err.ee/1608815476,2,3,,,FALSE
err.ee/1608813235,err.ee/1608811852,2,3,,,FALSE
err.ee/1608813235,err.ee/1608810565,3,2,,,FALSE
err.ee/1608813235,err.ee/1608808177,3,2,,,FALSE
err.ee/1608811138,err.ee/1608810091,2,3,,,FALSE
err.ee/1608810091,err.ee/1608810091,2,3,,,FALSE
err.ee/1608810325,err.ee/1608666526,3,2,,,FALSE
err.ee/1608796660,err.ee/1608755689,2,3,,,FALSE
err.ee/1608793183,err.ee/1608780829,2,3,,,FALSE
err.ee/1608782440,err.ee/1608779953,2,3,,,TRUE
err.ee/1608780994,err.ee/1608734278,2,3,,,FALSE
err.ee/1608781918,err.ee/995977,2,3,,,FALSE
err.ee/1608781399,err.ee/681732,3,2,,,FALSE
err.ee/1608775561,err.ee/1608429476,3,2,,,FALSE
err.ee/1608774532,err.ee/1608741700,2,3,,,FALSE
err.ee/1608774259,err.ee/1608741700,2,3,,,FALSE
err.ee/1608769624,err.ee/1608755689,2,3,,,FALSE
err.ee/1608765502,err.ee/1608446873,2,3,,,FALSE
err.ee/1608748015,err.ee/1608603748,3,2,,,FALSE
err.ee/1608738268,err.ee/1608729685,3,2,,,FALSE
err.ee/1608738574,err.ee/1608734134,2,3,,,FALSE
err.ee/1608738574,err.ee/1608734278,3,2,,,FALSE
err.ee/1608738121,err.ee/1608708940,2,3,,,FALSE
err.ee/1608737944,err.ee/1608728665,2,3,,,FALSE
err.ee/1608735532,err.ee/1608706942,2,3,,,FALSE
err.ee/1608735532,err.ee/1608538936,2,3,,,FALSE
err.ee/1608734404,err.ee/1608603748,3,2,,,FALSE
err.ee/1608734404,err.ee/1608696349,3,2,,,FALSE
err.ee/1608734191,err.ee/1608702310,2,3,,,FALSE
err.ee/1608730903,err.ee/1608721357,2,3,,,FALSE
err.ee/1608728497,err.ee/1608717526,2,3,,,FALSE
err.ee/1608722848,err.ee/1160433,3,2,,,FALSE
err.ee/1608717454,err.ee/1608716764,2,3,,,FALSE
err.ee/1608716560,err.ee/1608715300,2,3,,,FALSE
err.ee/1608715180,err.ee/1608537283,2,3,,,FALSE
err.ee/1608710998,err.ee/1608709114,2,3,,,FALSE
err.ee/1608710998,err.ee/1608708940,2,3,,,FALSE
err.ee/1608709090,err.ee/1608694240,3,2,,,FALSE
err.ee/1608707659,err.ee/1608581500,2,3,,,FALSE
err.ee/1608706789,err.ee/1608670432,2,3,,,TRUE
err.ee/1608701578,err.ee/1608700144,2,3,,,FALSE
err.ee/1608700876,err.ee/1608685186,2,3,,,FALSE
err.ee/1608700879,err.ee/1608700144,2,3,,,FALSE
err.ee/1608698494,err.ee/1608672157,2,3,,,FALSE
err.ee/1608696835,err.ee/1608508511,2,3,,,FALSE
err.ee/1608696835,err.ee/1608508562,3,2,,,FALSE
err.ee/1608696691,err.ee/1608691693,3,2,,,FALSE
err.ee/1608696691,err.ee/1608685186,3,2,,,FALSE
err.ee/1608693871,err.ee/1608670354,2,3,,,FALSE
err.ee/1608693871,err.ee/1608670531,2,3,,,FALSE
err.ee/1608686257,err.ee/1608479168,3,2,,,FALSE
err.ee/1608684436,err.ee/1608645580,2,3,,,FALSE
err.ee/1608681757,err.ee/1608655780,2,3,,,FALSE
err.ee/1608658648,err.ee/1608629245,2,3,,,FALSE
err.ee/1608658441,err.ee/1608644284,2,3,3,,FALSE
err.ee/1608658441,err.ee/1608644401,2,3,,,FALSE
err.ee/1608658225,err.ee/1608525614,2,3,,,FALSE
err.ee/1608657685,err.ee/1608648514,2,3,,,FALSE
err.ee/1608655735,err.ee/1608652291,3,2,,,FALSE
err.ee/1608645832,err.ee/1608636538,2,3,,,FALSE
err.ee/1608645832,err.ee/1608642598,3,2,,,FALSE
err.ee/1608645574,err.ee/1608644284,2,3,,,FALSE
err.ee/1608644554,postimees.ee/7553880,2,3,3,,FALSE
err.ee/1608644089,postimees.ee/7422924,2,3,,,FALSE
err.ee/1608636076,err.ee/1608486950,2,3,,,FALSE
err.ee/1609598381,err.ee/1609598381,1,3,,,FALSE
err.ee/1609599236,err.ee/1609599236,1,3,,,FALSE
err.ee/1609581133,err.ee/1609581133,1,3,,,FALSE
err.ee/1609580899,err.ee/1609580899,1,3,,,FALSE
err.ee/1609549672,err.ee/1609549672,1,3,,,FALSE
err.ee/1609549738,err.ee/1609549738,1,3,,,FALSE
err.ee/1609537600,err.ee/1609537600,1,3,,,FALSE
err.ee/1609537678,err.ee/1609537678,1,3,,,FALSE
err.ee/1609531102,err.ee/1609531102,1,3,,,FALSE
err.ee/1609527817,err.ee/1609527817,1,3,,,FALSE
err.ee/1609513981,err.ee/1609513981,1,3,,,FALSE
err.ee/1609514038,err.ee/1609514038,1,3,,,FALSE
err.ee/1609483090,err.ee/1609483090,1,3,,,FALSE
err.ee/1609483198,err.ee/1609483198,1,3,,,FALSE
err.ee/1609434493,err.ee/1609434493,1,3,,,FALSE
err.ee/1609434406,err.ee/1609434406,1,3,,,FALSE
err.ee/1609414420,err.ee/1609414420,1,3,,,FALSE
err.ee/1609414204,err.ee/1609414204,1,3,,,FALSE
err.ee/1609408561,err.ee/1609408561,1,3,,,FALSE
err.ee/1609408594,err.ee/1609408594,1,3,,,FALSE
err.ee/1609405966,err.ee/1609405966,1,3,,,FALSE
err.ee/1609405864,err.ee/1609405864,1,3,,,FALSE
err.ee/1609392793,err.ee/1609392793,1,3,3,,FALSE
err.ee/1609392742,err.ee/1609392742,1,3,,,FALSE
err.ee/1609392664,err.ee/1609392664,1,3,,,FALSE
err.ee/1609362770,err.ee/1609362770,1,3,,,FALSE
err.ee/1609362698,err.ee/1609362698,1,3,,,FALSE
err.ee/1609359791,err.ee/1609359791,1,3,,,FALSE
err.ee/1609355829,err.ee/1609355829,1,3,,,FALSE
err.ee/1609331220,err.ee/1609331220,1,3,,,FALSE
err.ee/1609331823,err.ee/1609331823,1,3,,,FALSE
err.ee/1609292145,err.ee/1609292145,1,3,,,FALSE
err.ee/1609292148,err.ee/1609292148,1,3,,,FALSE
err.ee/1609221594,err.ee/1609221594,1,3,,,FALSE
err.ee/1609221633,err.ee/1609221633,1,3,,,FALSE
err.ee/1609097618,err.ee/1609097618,1,3,,,FALSE
err.ee/1609094834,err.ee/1609094834,1,3,,,FALSE
err.ee/1609094804,err.ee/1609094804,1,3,,,FALSE
err.ee/1609083395,err.ee/1609083395,1,3,,,FALSE
err.ee/1609084700,err.ee/1609084700,1,3,,,FALSE
err.ee/1609030655,err.ee/1609030655,1,3,,,FALSE
err.ee/1609030631,err.ee/1609030631,1,3,,,FALSE
err.ee/1609019003,err.ee/1609019003,1,3,,,FALSE
err.ee/1609018871,err.ee/1609018871,1,3,,,FALSE
err.ee/1609017038,err.ee/1609017038,1,3,,,FALSE
err.ee/1609017026,err.ee/1609017026,1,3,,,FALSE
err.ee/1609015094,err.ee/1609015094,1,2,,,FALSE
err.ee/1608990512,err.ee/1608990512,1,3,,,FALSE
err.ee/1608990473,err.ee/1608990473,1,3,,,FALSE
err.ee/1608982847,err.ee/1608982847,1,3,,,FALSE
err.ee/1608973169,err.ee/1608973169,1,3,,,FALSE
err.ee/1608974099,err.ee/1608974099,1,3,,,FALSE
err.ee/1608973949,err.ee/1608973949,1,3,,,FALSE
err.ee/1608966095,err.ee/1608966095,1,2,,,FALSE
err.ee/1608929909,err.ee/1608929909,1,3,,,FALSE
err.ee/1608930734,err.ee/1608930734,1,3,,,FALSE
err.ee/1608899498,err.ee/1608899498,1,3,,,FALSE
err.ee/1608869549,err.ee/1608869549,1,3,,,FALSE
err.ee/1608862310,err.ee/1608862310,1,3,,,FALSE
err.ee/1608862136,err.ee/1608862136,1,3,,,FALSE
err.ee/1608857996,err.ee/1608857996,1,3,,,FALSE
err.ee/1608858167,err.ee/1608858167,1,3,,,FALSE
err.ee/1608815476,err.ee/1608815476,1,2,,,FALSE
err.ee/1608810091,err.ee/1608810091,1,2,,,FALSE
err.ee/1608752521,err.ee/1608752521,1,3,,,FALSE
err.ee/1608752170,err.ee/1608752170,1,3,,,FALSE